split,id,image,label,img_shape,lbl_shape,shape_match,img_spacing,lbl_spacing,affine_translation_diff_mm,label_min,label_max,unique_label_count,has_unexpected_label_range
train,amos_0001,amos_0001.nii.gz,amos_0001.nii.gz,"(768, 768, 90)","(768, 768, 90)",True,"(0.5703, 0.5703, 5.0)","(0.5703, 0.5703, 5.0)",0.0,0,15,15,False
train,amos_0004,amos_0004.nii.gz,amos_0004.nii.gz,"(512, 512, 78)","(512, 512, 78)",True,"(0.782, 0.782, 5.0)","(0.782, 0.782, 5.0)",0.0,0,15,16,False
train,amos_0005,amos_0005.nii.gz,amos_0005.nii.gz,"(768, 768, 80)","(768, 768, 80)",True,"(0.569, 0.569, 5.0)","(0.569, 0.569, 5.0)",0.0,0,15,16,False
train,amos_0006,amos_0006.nii.gz,amos_0006.nii.gz,"(512, 512, 99)","(512, 512, 99)",True,"(0.835, 0.835, 5.0)","(0.835, 0.835, 5.0)",0.0,0,15,16,False
train,amos_0007,amos_0007.nii.gz,amos_0007.nii.gz,"(768, 768, 107)","(768, 768, 107)",True,"(0.5182, 0.5182, 5.0)","(0.5182, 0.5182, 5.0)",0.0,0,15,16,False
train,amos_0009,amos_0009.nii.gz,amos_0009.nii.gz,"(512, 512, 90)","(512, 512, 90)",True,"(0.782, 0.782, 5.0)","(0.782, 0.782, 5.0)",0.0,0,13,14,False
train,amos_0010,amos_0010.nii.gz,amos_0010.nii.gz,"(512, 512, 132)","(512, 512, 132)",True,"(0.808, 0.808, 5.0)","(0.808, 0.808, 5.0)",0.0,0,15,15,False
train,amos_0011,amos_0011.nii.gz,amos_0011.nii.gz,"(512, 512, 92)","(512, 512, 92)",True,"(0.782, 0.782, 5.0)","(0.782, 0.782, 5.0)",0.0,0,15,16,False
train,amos_0014,amos_0014.nii.gz,amos_0014.nii.gz,"(512, 512, 93)","(512, 512, 93)",True,"(0.782, 0.782, 5.0)","(0.782, 0.782, 5.0)",0.0,0,15,16,False
train,amos_0015,amos_0015.nii.gz,amos_0015.nii.gz,"(768, 768, 103)","(768, 768, 103)",True,"(0.6497, 0.6497, 5.0)","(0.6497, 0.6497, 5.0)",0.0,0,15,16,False
train,amos_0016,amos_0016.nii.gz,amos_0016.nii.gz,"(512, 512, 91)","(512, 512, 91)",True,"(0.782, 0.782, 5.0)","(0.782, 0.782, 5.0)",0.0,0,15,16,False
train,amos_0017,amos_0017.nii.gz,amos_0017.nii.gz,"(512, 512, 91)","(512, 512, 91)",True,"(0.782, 0.782, 5.0)","(0.782, 0.782, 5.0)",0.0,0,15,16,False
train,amos_0019,amos_0019.nii.gz,amos_0019.nii.gz,"(512, 512, 101)","(512, 512, 101)",True,"(0.782, 0.782, 5.0)","(0.782, 0.782, 5.0)",0.0,0,15,16,False
train,amos_0021,amos_0021.nii.gz,amos_0021.nii.gz,"(512, 512, 124)","(512, 512, 124)",True,"(0.892, 0.892, 5.0)","(0.892, 0.892, 5.0)",0.0,0,15,15,False
train,amos_0023,amos_0023.nii.gz,amos_0023.nii.gz,"(512, 512, 86)","(512, 512, 86)",True,"(0.782, 0.782, 5.0)","(0.782, 0.782, 5.0)",0.0,0,15,16,False
train,amos_0024,amos_0024.nii.gz,amos_0024.nii.gz,"(512, 512, 85)","(512, 512, 85)",True,"(0.782, 0.782, 5.0)","(0.782, 0.782, 5.0)",0.0,0,15,16,False
train,amos_0025,amos_0025.nii.gz,amos_0025.nii.gz,"(512, 512, 81)","(512, 512, 81)",True,"(0.782, 0.782, 5.0)","(0.782, 0.782, 5.0)",0.0,0,15,16,False
train,amos_0027,amos_0027.nii.gz,amos_0027.nii.gz,"(512, 512, 124)","(512, 512, 124)",True,"(0.782, 0.782, 5.0)","(0.782, 0.782, 5.0)",0.0,0,15,16,False
train,amos_0030,amos_0030.nii.gz,amos_0030.nii.gz,"(512, 512, 125)","(512, 512, 125)",True,"(0.907, 0.907, 5.0)","(0.907, 0.907, 5.0)",0.0,0,15,16,False
train,amos_0033,amos_0033.nii.gz,amos_0033.nii.gz,"(512, 512, 106)","(512, 512, 106)",True,"(0.782, 0.782, 5.0)","(0.782, 0.782, 5.0)",0.0,0,15,16,False
train,amos_0035,amos_0035.nii.gz,amos_0035.nii.gz,"(512, 512, 93)","(512, 512, 93)",True,"(0.961, 0.961, 5.0)","(0.961, 0.961, 5.0)",0.0,0,15,16,False
train,amos_0036,amos_0036.nii.gz,amos_0036.nii.gz,"(512, 512, 124)","(512, 512, 124)",True,"(0.888, 0.888, 5.0)","(0.888, 0.888, 5.0)",0.0,0,15,16,False
train,amos_0038,amos_0038.nii.gz,amos_0038.nii.gz,"(512, 512, 126)","(512, 512, 126)",True,"(0.781, 0.781, 5.0)","(0.781, 0.781, 5.0)",0.0,0,15,16,False
train,amos_0042,amos_0042.nii.gz,amos_0042.nii.gz,"(512, 512, 89)","(512, 512, 89)",True,"(0.782, 0.782, 5.0)","(0.782, 0.782, 5.0)",0.0,0,15,16,False
train,amos_0043,amos_0043.nii.gz,amos_0043.nii.gz,"(512, 512, 85)","(512, 512, 85)",True,"(0.843, 0.843, 5.0)","(0.843, 0.843, 5.0)",0.0,0,15,16,False
train,amos_0044,amos_0044.nii.gz,amos_0044.nii.gz,"(768, 768, 104)","(768, 768, 104)",True,"(0.5078, 0.5078, 5.0)","(0.5078, 0.5078, 5.0)",0.0,0,13,14,False
train,amos_0045,amos_0045.nii.gz,amos_0045.nii.gz,"(768, 768, 91)","(768, 768, 91)",True,"(0.651, 0.651, 5.0)","(0.651, 0.651, 5.0)",0.0,0,15,16,False
train,amos_0047,amos_0047.nii.gz,amos_0047.nii.gz,"(768, 768, 98)","(768, 768, 98)",True,"(0.5885, 0.5885, 5.0)","(0.5885, 0.5885, 5.0)",0.0,0,15,16,False
train,amos_0048,amos_0048.nii.gz,amos_0048.nii.gz,"(768, 768, 109)","(768, 768, 109)",True,"(0.6497, 0.6497, 5.0)","(0.6497, 0.6497, 5.0)",0.0,0,15,16,False
train,amos_0049,amos_0049.nii.gz,amos_0049.nii.gz,"(768, 768, 96)","(768, 768, 96)",True,"(0.5078, 0.5078, 5.0)","(0.5078, 0.5078, 5.0)",0.0,0,15,16,False
train,amos_0050,amos_0050.nii.gz,amos_0050.nii.gz,"(768, 768, 96)","(768, 768, 96)",True,"(0.5664, 0.5664, 5.0)","(0.5664, 0.5664, 5.0)",0.0,0,15,16,False
train,amos_0052,amos_0052.nii.gz,amos_0052.nii.gz,"(768, 768, 102)","(768, 768, 102)",True,"(0.6107, 0.6107, 5.0)","(0.6107, 0.6107, 5.0)",0.0,0,15,15,False
train,amos_0054,amos_0054.nii.gz,amos_0054.nii.gz,"(768, 768, 90)","(768, 768, 90)",True,"(0.6094, 0.6094, 5.0)","(0.6094, 0.6094, 5.0)",0.0,0,15,15,False
train,amos_0057,amos_0057.nii.gz,amos_0057.nii.gz,"(768, 768, 87)","(768, 768, 87)",True,"(0.651, 0.651, 5.0)","(0.651, 0.651, 5.0)",0.0,0,15,15,False
train,amos_0058,amos_0058.nii.gz,amos_0058.nii.gz,"(768, 768, 95)","(768, 768, 95)",True,"(0.599, 0.599, 5.0)","(0.599, 0.599, 5.0)",0.0,0,15,16,False
train,amos_0059,amos_0059.nii.gz,amos_0059.nii.gz,"(512, 512, 78)","(512, 512, 78)",True,"(0.782, 0.782, 5.0)","(0.782, 0.782, 5.0)",0.0,0,15,16,False
train,amos_0060,amos_0060.nii.gz,amos_0060.nii.gz,"(768, 768, 112)","(768, 768, 112)",True,"(0.5273, 0.5273, 5.0)","(0.5273, 0.5273, 5.0)",0.0,0,15,16,False
train,amos_0064,amos_0064.nii.gz,amos_0064.nii.gz,"(512, 512, 89)","(512, 512, 89)",True,"(0.782, 0.782, 5.0)","(0.782, 0.782, 5.0)",0.0,0,15,16,False
train,amos_0066,amos_0066.nii.gz,amos_0066.nii.gz,"(512, 512, 88)","(512, 512, 88)",True,"(0.782, 0.782, 5.0)","(0.782, 0.782, 5.0)",0.0,0,15,16,False
train,amos_0067,amos_0067.nii.gz,amos_0067.nii.gz,"(512, 512, 122)","(512, 512, 122)",True,"(0.854, 0.854, 5.0)","(0.854, 0.854, 5.0)",0.0,0,15,15,False
train,amos_0069,amos_0069.nii.gz,amos_0069.nii.gz,"(512, 512, 98)","(512, 512, 98)",True,"(0.801, 0.801, 5.0)","(0.801, 0.801, 5.0)",0.0,0,15,16,False
train,amos_0071,amos_0071.nii.gz,amos_0071.nii.gz,"(512, 512, 135)","(512, 512, 135)",True,"(0.835, 0.835, 5.0)","(0.835, 0.835, 5.0)",0.0,0,15,16,False
train,amos_0072,amos_0072.nii.gz,amos_0072.nii.gz,"(768, 768, 90)","(768, 768, 90)",True,"(0.5885, 0.5885, 5.0)","(0.5885, 0.5885, 5.0)",0.0,0,15,15,False
train,amos_0075,amos_0075.nii.gz,amos_0075.nii.gz,"(512, 512, 84)","(512, 512, 84)",True,"(0.782, 0.782, 5.0)","(0.782, 0.782, 5.0)",0.0,0,15,16,False
train,amos_0076,amos_0076.nii.gz,amos_0076.nii.gz,"(768, 768, 82)","(768, 768, 82)",True,"(0.4831, 0.4831, 5.0)","(0.4831, 0.4831, 5.0)",0.0,0,15,16,False
train,amos_0077,amos_0077.nii.gz,amos_0077.nii.gz,"(768, 768, 102)","(768, 768, 102)",True,"(0.651, 0.651, 5.0)","(0.651, 0.651, 5.0)",0.0,0,15,16,False
train,amos_0078,amos_0078.nii.gz,amos_0078.nii.gz,"(512, 512, 92)","(512, 512, 92)",True,"(0.782, 0.782, 5.0)","(0.782, 0.782, 5.0)",0.0,0,15,16,False
train,amos_0079,amos_0079.nii.gz,amos_0079.nii.gz,"(768, 768, 81)","(768, 768, 81)",True,"(0.5352, 0.5352, 5.0)","(0.5352, 0.5352, 5.0)",0.0,0,15,15,False
train,amos_0081,amos_0081.nii.gz,amos_0081.nii.gz,"(768, 768, 93)","(768, 768, 93)",True,"(0.5534, 0.5534, 5.0)","(0.5534, 0.5534, 5.0)",0.0,0,15,16,False
train,amos_0083,amos_0083.nii.gz,amos_0083.nii.gz,"(512, 512, 100)","(512, 512, 100)",True,"(0.782, 0.782, 5.0)","(0.782, 0.782, 5.0)",0.0,0,15,16,False
train,amos_0084,amos_0084.nii.gz,amos_0084.nii.gz,"(512, 512, 84)","(512, 512, 84)",True,"(0.782, 0.782, 5.0)","(0.782, 0.782, 5.0)",0.0,0,15,16,False
train,amos_0086,amos_0086.nii.gz,amos_0086.nii.gz,"(512, 512, 80)","(512, 512, 80)",True,"(0.858, 0.858, 5.0)","(0.858, 0.858, 5.0)",0.0,0,15,16,False
train,amos_0088,amos_0088.nii.gz,amos_0088.nii.gz,"(512, 512, 68)","(512, 512, 68)",True,"(0.747, 0.747, 5.0)","(0.747, 0.747, 5.0)",0.0,0,15,16,False
train,amos_0089,amos_0089.nii.gz,amos_0089.nii.gz,"(512, 512, 116)","(512, 512, 116)",True,"(0.946, 0.946, 5.0)","(0.946, 0.946, 5.0)",0.0,0,15,16,False
train,amos_0092,amos_0092.nii.gz,amos_0092.nii.gz,"(512, 512, 132)","(512, 512, 132)",True,"(0.782, 0.782, 5.0)","(0.782, 0.782, 5.0)",0.0,0,15,16,False
train,amos_0094,amos_0094.nii.gz,amos_0094.nii.gz,"(512, 512, 91)","(512, 512, 91)",True,"(0.824, 0.824, 5.0)","(0.824, 0.824, 5.0)",0.0,0,15,16,False
train,amos_0097,amos_0097.nii.gz,amos_0097.nii.gz,"(512, 512, 126)","(512, 512, 126)",True,"(1.068, 1.068, 5.0)","(1.068, 1.068, 5.0)",0.0,0,15,16,False
train,amos_0098,amos_0098.nii.gz,amos_0098.nii.gz,"(512, 512, 97)","(512, 512, 97)",True,"(0.782, 0.782, 5.0)","(0.782, 0.782, 5.0)",0.0,0,15,16,False
train,amos_0099,amos_0099.nii.gz,amos_0099.nii.gz,"(768, 768, 99)","(768, 768, 99)",True,"(0.651, 0.651, 5.0)","(0.651, 0.651, 5.0)",0.0,0,15,16,False
train,amos_0102,amos_0102.nii.gz,amos_0102.nii.gz,"(768, 768, 101)","(768, 768, 101)",True,"(0.6315, 0.6315, 5.0)","(0.6315, 0.6315, 5.0)",0.0,0,15,16,False
train,amos_0103,amos_0103.nii.gz,amos_0103.nii.gz,"(768, 768, 81)","(768, 768, 81)",True,"(0.5391, 0.5391, 5.0)","(0.5391, 0.5391, 5.0)",0.0,0,15,16,False
train,amos_0104,amos_0104.nii.gz,amos_0104.nii.gz,"(512, 512, 88)","(512, 512, 88)",True,"(0.782, 0.782, 5.0)","(0.782, 0.782, 5.0)",0.0,0,14,15,False
train,amos_0105,amos_0105.nii.gz,amos_0105.nii.gz,"(768, 768, 95)","(768, 768, 95)",True,"(0.5768, 0.5768, 5.0)","(0.5768, 0.5768, 5.0)",0.0,0,15,16,False
train,amos_0109,amos_0109.nii.gz,amos_0109.nii.gz,"(768, 768, 90)","(768, 768, 90)",True,"(0.6198, 0.6198, 5.0)","(0.6198, 0.6198, 5.0)",0.0,0,15,14,False
train,amos_0110,amos_0110.nii.gz,amos_0110.nii.gz,"(512, 512, 120)","(512, 512, 120)",True,"(0.782, 0.782, 5.0)","(0.782, 0.782, 5.0)",0.0,0,15,16,False
train,amos_0111,amos_0111.nii.gz,amos_0111.nii.gz,"(512, 512, 107)","(512, 512, 107)",True,"(0.782, 0.782, 5.0)","(0.782, 0.782, 5.0)",0.0,0,15,16,False
train,amos_0113,amos_0113.nii.gz,amos_0113.nii.gz,"(768, 768, 91)","(768, 768, 91)",True,"(0.6471, 0.6471, 5.0)","(0.6471, 0.6471, 5.0)",0.0,0,15,16,False
train,amos_0115,amos_0115.nii.gz,amos_0115.nii.gz,"(768, 768, 88)","(768, 768, 88)",True,"(0.4727, 0.4727, 5.0)","(0.4727, 0.4727, 5.0)",0.0,0,15,15,False
train,amos_0116,amos_0116.nii.gz,amos_0116.nii.gz,"(512, 512, 126)","(512, 512, 126)",True,"(0.907, 0.907, 5.0)","(0.907, 0.907, 5.0)",0.0,0,15,16,False
train,amos_0118,amos_0118.nii.gz,amos_0118.nii.gz,"(512, 512, 84)","(512, 512, 84)",True,"(0.854, 0.854, 5.0)","(0.854, 0.854, 5.0)",0.0,0,15,16,False
train,amos_0119,amos_0119.nii.gz,amos_0119.nii.gz,"(512, 512, 140)","(512, 512, 140)",True,"(0.782, 0.782, 5.0)","(0.782, 0.782, 5.0)",0.0,0,15,16,False
train,amos_0121,amos_0121.nii.gz,amos_0121.nii.gz,"(512, 512, 120)","(512, 512, 120)",True,"(0.946, 0.946, 5.0)","(0.946, 0.946, 5.0)",0.0,0,15,16,False
train,amos_0124,amos_0124.nii.gz,amos_0124.nii.gz,"(512, 512, 140)","(512, 512, 140)",True,"(0.949, 0.949, 5.0)","(0.949, 0.949, 5.0)",0.0,0,15,16,False
train,amos_0125,amos_0125.nii.gz,amos_0125.nii.gz,"(768, 768, 105)","(768, 768, 105)",True,"(0.5547, 0.5547, 5.0)","(0.5547, 0.5547, 5.0)",0.0,0,15,16,False
train,amos_0126,amos_0126.nii.gz,amos_0126.nii.gz,"(512, 512, 120)","(512, 512, 120)",True,"(0.689, 0.689, 5.0)","(0.689, 0.689, 5.0)",0.0,0,15,16,False
train,amos_0127,amos_0127.nii.gz,amos_0127.nii.gz,"(512, 512, 77)","(512, 512, 77)",True,"(0.782, 0.782, 5.0)","(0.782, 0.782, 5.0)",0.0,0,15,16,False
train,amos_0129,amos_0129.nii.gz,amos_0129.nii.gz,"(512, 512, 124)","(512, 512, 124)",True,"(0.782, 0.782, 5.0)","(0.782, 0.782, 5.0)",0.0,0,15,15,False
train,amos_0131,amos_0131.nii.gz,amos_0131.nii.gz,"(768, 768, 112)","(768, 768, 112)",True,"(0.651, 0.651, 5.0)","(0.651, 0.651, 5.0)",0.0,0,15,16,False
train,amos_0133,amos_0133.nii.gz,amos_0133.nii.gz,"(768, 768, 68)","(768, 768, 68)",True,"(0.4531, 0.4531, 5.0)","(0.4531, 0.4531, 5.0)",0.0,0,15,16,False
train,amos_0134,amos_0134.nii.gz,amos_0134.nii.gz,"(512, 512, 109)","(512, 512, 109)",True,"(0.854, 0.854, 5.0)","(0.854, 0.854, 5.0)",0.0,0,13,14,False
train,amos_0135,amos_0135.nii.gz,amos_0135.nii.gz,"(512, 512, 131)","(512, 512, 131)",True,"(0.988, 0.988, 5.0)","(0.988, 0.988, 5.0)",0.0,0,15,16,False
train,amos_0137,amos_0137.nii.gz,amos_0137.nii.gz,"(512, 512, 134)","(512, 512, 134)",True,"(1.022, 1.022, 5.0)","(1.022, 1.022, 5.0)",0.0,0,15,16,False
train,amos_0138,amos_0138.nii.gz,amos_0138.nii.gz,"(512, 512, 82)","(512, 512, 82)",True,"(0.781, 0.781, 5.0)","(0.781, 0.781, 5.0)",0.0,0,15,16,False
train,amos_0141,amos_0141.nii.gz,amos_0141.nii.gz,"(512, 512, 89)","(512, 512, 89)",True,"(0.9, 0.9, 5.0)","(0.9, 0.9, 5.0)",0.0,0,15,16,False
train,amos_0142,amos_0142.nii.gz,amos_0142.nii.gz,"(768, 768, 94)","(768, 768, 94)",True,"(0.6081, 0.6081, 5.0)","(0.6081, 0.6081, 5.0)",0.0,0,15,15,False
train,amos_0143,amos_0143.nii.gz,amos_0143.nii.gz,"(768, 768, 72)","(768, 768, 72)",True,"(0.5299, 0.5299, 5.0)","(0.5299, 0.5299, 5.0)",0.0,0,13,14,False
train,amos_0147,amos_0147.nii.gz,amos_0147.nii.gz,"(512, 512, 95)","(512, 512, 95)",True,"(0.778, 0.778, 5.0)","(0.778, 0.778, 5.0)",0.0,0,15,16,False
train,amos_0149,amos_0149.nii.gz,amos_0149.nii.gz,"(512, 512, 97)","(512, 512, 97)",True,"(0.904, 0.904, 5.0)","(0.904, 0.904, 5.0)",0.0,0,15,16,False
train,amos_0152,amos_0152.nii.gz,amos_0152.nii.gz,"(512, 512, 79)","(512, 512, 79)",True,"(0.782, 0.782, 5.0)","(0.782, 0.782, 5.0)",0.0,0,15,16,False
train,amos_0153,amos_0153.nii.gz,amos_0153.nii.gz,"(512, 512, 93)","(512, 512, 93)",True,"(0.808, 0.808, 5.0)","(0.808, 0.808, 5.0)",0.0,0,13,14,False
train,amos_0154,amos_0154.nii.gz,amos_0154.nii.gz,"(512, 512, 88)","(512, 512, 88)",True,"(0.782, 0.782, 5.0)","(0.782, 0.782, 5.0)",0.0,0,15,16,False
train,amos_0156,amos_0156.nii.gz,amos_0156.nii.gz,"(512, 512, 68)","(512, 512, 68)",True,"(0.747, 0.747, 5.0)","(0.747, 0.747, 5.0)",0.0,0,15,15,False
train,amos_0158,amos_0158.nii.gz,amos_0158.nii.gz,"(512, 512, 90)","(512, 512, 90)",True,"(0.781, 0.781, 5.0)","(0.781, 0.781, 5.0)",0.0,0,14,15,False
train,amos_0159,amos_0159.nii.gz,amos_0159.nii.gz,"(512, 512, 133)","(512, 512, 133)",True,"(0.831, 0.831, 5.0)","(0.831, 0.831, 5.0)",0.0,0,15,16,False
train,amos_0160,amos_0160.nii.gz,amos_0160.nii.gz,"(512, 512, 85)","(512, 512, 85)",True,"(0.869, 0.869, 5.0)","(0.869, 0.869, 5.0)",0.0,0,15,16,False
train,amos_0161,amos_0161.nii.gz,amos_0161.nii.gz,"(512, 512, 114)","(512, 512, 114)",True,"(0.858, 0.858, 5.0)","(0.858, 0.858, 5.0)",0.0,0,15,16,False
train,amos_0162,amos_0162.nii.gz,amos_0162.nii.gz,"(512, 512, 78)","(512, 512, 78)",True,"(0.782, 0.782, 5.0)","(0.782, 0.782, 5.0)",0.0,0,15,16,False
train,amos_0166,amos_0166.nii.gz,amos_0166.nii.gz,"(512, 512, 81)","(512, 512, 81)",True,"(0.782, 0.782, 5.0)","(0.782, 0.782, 5.0)",0.0,0,15,16,False
train,amos_0170,amos_0170.nii.gz,amos_0170.nii.gz,"(512, 512, 124)","(512, 512, 124)",True,"(0.885, 0.885, 5.0)","(0.885, 0.885, 5.0)",0.0,0,15,16,False
train,amos_0171,amos_0171.nii.gz,amos_0171.nii.gz,"(768, 768, 97)","(768, 768, 97)",True,"(0.651, 0.651, 5.0)","(0.651, 0.651, 5.0)",0.0,0,15,16,False
train,amos_0172,amos_0172.nii.gz,amos_0172.nii.gz,"(768, 768, 95)","(768, 768, 95)",True,"(0.5833, 0.5833, 5.0)","(0.5833, 0.5833, 5.0)",0.0,0,15,15,False
train,amos_0173,amos_0173.nii.gz,amos_0173.nii.gz,"(768, 768, 108)","(768, 768, 108)",True,"(0.6341, 0.6341, 5.0)","(0.6341, 0.6341, 5.0)",0.0,0,15,16,False
train,amos_0175,amos_0175.nii.gz,amos_0175.nii.gz,"(512, 512, 126)","(512, 512, 126)",True,"(0.782, 0.782, 5.0)","(0.782, 0.782, 5.0)",0.0,0,15,16,False
train,amos_0177,amos_0177.nii.gz,amos_0177.nii.gz,"(512, 512, 134)","(512, 512, 134)",True,"(0.782, 0.782, 5.0)","(0.782, 0.782, 5.0)",0.0,0,15,16,False
train,amos_0179,amos_0179.nii.gz,amos_0179.nii.gz,"(512, 512, 134)","(512, 512, 134)",True,"(0.782, 0.782, 5.0)","(0.782, 0.782, 5.0)",0.0,0,15,16,False
train,amos_0180,amos_0180.nii.gz,amos_0180.nii.gz,"(768, 768, 85)","(768, 768, 85)",True,"(0.5378, 0.5378, 5.0)","(0.5378, 0.5378, 5.0)",0.0,0,15,16,False
train,amos_0181,amos_0181.nii.gz,amos_0181.nii.gz,"(512, 512, 118)","(512, 512, 118)",True,"(0.866, 0.866, 5.0)","(0.866, 0.866, 5.0)",0.0,0,15,15,False
train,amos_0184,amos_0184.nii.gz,amos_0184.nii.gz,"(512, 512, 97)","(512, 512, 97)",True,"(0.827, 0.827, 5.0)","(0.827, 0.827, 5.0)",0.0,0,15,16,False
train,amos_0185,amos_0185.nii.gz,amos_0185.nii.gz,"(512, 512, 118)","(512, 512, 118)",True,"(0.93, 0.93, 5.0)","(0.93, 0.93, 5.0)",0.0,0,15,16,False
train,amos_0186,amos_0186.nii.gz,amos_0186.nii.gz,"(768, 768, 85)","(768, 768, 85)",True,"(0.4661, 0.4661, 5.0)","(0.4661, 0.4661, 5.0)",0.0,0,15,16,False
train,amos_0188,amos_0188.nii.gz,amos_0188.nii.gz,"(512, 512, 123)","(512, 512, 123)",True,"(0.782, 0.782, 5.0)","(0.782, 0.782, 5.0)",0.0,0,15,16,False
train,amos_0190,amos_0190.nii.gz,amos_0190.nii.gz,"(512, 512, 133)","(512, 512, 133)",True,"(0.793, 0.793, 5.0)","(0.793, 0.793, 5.0)",0.0,0,15,15,False
train,amos_0192,amos_0192.nii.gz,amos_0192.nii.gz,"(512, 512, 123)","(512, 512, 123)",True,"(0.782, 0.782, 5.0)","(0.782, 0.782, 5.0)",0.0,0,15,16,False
train,amos_0193,amos_0193.nii.gz,amos_0193.nii.gz,"(512, 512, 116)","(512, 512, 116)",True,"(0.885, 0.885, 5.0)","(0.885, 0.885, 5.0)",0.0,0,15,16,False
train,amos_0195,amos_0195.nii.gz,amos_0195.nii.gz,"(512, 512, 134)","(512, 512, 134)",True,"(0.953, 0.953, 5.0)","(0.953, 0.953, 5.0)",0.0,0,15,16,False
train,amos_0196,amos_0196.nii.gz,amos_0196.nii.gz,"(512, 512, 89)","(512, 512, 89)",True,"(0.782, 0.782, 5.0)","(0.782, 0.782, 5.0)",0.0,0,15,16,False
train,amos_0197,amos_0197.nii.gz,amos_0197.nii.gz,"(512, 512, 138)","(512, 512, 138)",True,"(0.671, 0.671, 5.0)","(0.671, 0.671, 5.0)",0.0,0,15,16,False
train,amos_0198,amos_0198.nii.gz,amos_0198.nii.gz,"(512, 512, 81)","(512, 512, 81)",True,"(0.881, 0.881, 5.0)","(0.881, 0.881, 5.0)",0.0,0,15,16,False
train,amos_0199,amos_0199.nii.gz,amos_0199.nii.gz,"(768, 768, 95)","(768, 768, 95)",True,"(0.5286, 0.5286, 5.0)","(0.5286, 0.5286, 5.0)",0.0,0,15,16,False
train,amos_0212,amos_0212.nii.gz,amos_0212.nii.gz,"(512, 512, 215)","(512, 512, 215)",True,"(0.5449, 0.5449, 2.0)","(0.5449, 0.5449, 2.0)",0.0,0,15,16,False
train,amos_0214,amos_0214.nii.gz,amos_0214.nii.gz,"(512, 512, 333)","(512, 512, 333)",True,"(0.8516, 0.8516, 2.0)","(0.8516, 0.8516, 2.0)",0.0,0,15,16,False
train,amos_0215,amos_0215.nii.gz,amos_0215.nii.gz,"(512, 512, 222)","(512, 512, 222)",True,"(0.6914, 0.6914, 2.0)","(0.6914, 0.6914, 2.0)",0.0,0,15,16,False
train,amos_0217,amos_0217.nii.gz,amos_0217.nii.gz,"(512, 512, 306)","(512, 512, 306)",True,"(0.6875, 0.6875, 2.0)","(0.6875, 0.6875, 2.0)",0.0,0,15,16,False
train,amos_0224,amos_0224.nii.gz,amos_0224.nii.gz,"(512, 512, 212)","(512, 512, 212)",True,"(0.6738, 0.6738, 2.0)","(0.6738, 0.6738, 2.0)",0.0,0,15,16,False
train,amos_0225,amos_0225.nii.gz,amos_0225.nii.gz,"(512, 512, 214)","(512, 512, 214)",True,"(0.5645, 0.5645, 2.0)","(0.5645, 0.5645, 2.0)",0.0,0,14,15,False
train,amos_0226,amos_0226.nii.gz,amos_0226.nii.gz,"(512, 512, 303)","(512, 512, 303)",True,"(0.6172, 0.6172, 2.0)","(0.6172, 0.6172, 2.0)",0.0,0,15,16,False
train,amos_0230,amos_0230.nii.gz,amos_0230.nii.gz,"(512, 512, 202)","(512, 512, 202)",True,"(0.6562, 0.6562, 2.0)","(0.6562, 0.6562, 2.0)",0.0,0,15,16,False
train,amos_0231,amos_0231.nii.gz,amos_0231.nii.gz,"(512, 512, 93)","(512, 512, 93)",True,"(0.7676, 0.7676, 5.0)","(0.7676, 0.7676, 5.0)",0.0,0,15,16,False
train,amos_0235,amos_0235.nii.gz,amos_0235.nii.gz,"(512, 512, 197)","(512, 512, 197)",True,"(0.6875, 0.6875, 2.0)","(0.6875, 0.6875, 2.0)",0.0,0,15,16,False
train,amos_0237,amos_0237.nii.gz,amos_0237.nii.gz,"(512, 512, 294)","(512, 512, 294)",True,"(0.6562, 0.6562, 2.0)","(0.6562, 0.6562, 2.0)",0.0,0,15,16,False
train,amos_0239,amos_0239.nii.gz,amos_0239.nii.gz,"(512, 512, 292)","(512, 512, 292)",True,"(0.668, 0.668, 2.0)","(0.668, 0.668, 2.0)",0.0,0,15,16,False
train,amos_0242,amos_0242.nii.gz,amos_0242.nii.gz,"(512, 512, 243)","(512, 512, 243)",True,"(0.6465, 0.6465, 2.0)","(0.6465, 0.6465, 2.0)",0.0,0,15,16,False
train,amos_0245,amos_0245.nii.gz,amos_0245.nii.gz,"(512, 512, 221)","(512, 512, 221)",True,"(0.8125, 0.8125, 2.5)","(0.8125, 0.8125, 2.5)",0.0,0,15,15,False
train,amos_0248,amos_0248.nii.gz,amos_0248.nii.gz,"(512, 512, 245)","(512, 512, 245)",True,"(0.6895, 0.6895, 2.0)","(0.6895, 0.6895, 2.0)",0.0,0,15,16,False
train,amos_0249,amos_0249.nii.gz,amos_0249.nii.gz,"(512, 512, 298)","(512, 512, 298)",True,"(0.6328, 0.6328, 2.0)","(0.6328, 0.6328, 2.0)",0.0,0,15,16,False
train,amos_0254,amos_0254.nii.gz,amos_0254.nii.gz,"(512, 512, 124)","(512, 512, 124)",True,"(0.5977, 0.5977, 5.0)","(0.5977, 0.5977, 5.0)",0.0,0,15,16,False
train,amos_0259,amos_0259.nii.gz,amos_0259.nii.gz,"(512, 512, 78)","(512, 512, 78)",True,"(0.6523, 0.6523, 5.0)","(0.6523, 0.6523, 5.0)",0.0,0,15,16,False
train,amos_0263,amos_0263.nii.gz,amos_0263.nii.gz,"(512, 512, 122)","(512, 512, 122)",True,"(0.6758, 0.6758, 5.0)","(0.6758, 0.6758, 5.0)",0.0,0,15,16,False
train,amos_0264,amos_0264.nii.gz,amos_0264.nii.gz,"(512, 512, 234)","(512, 512, 234)",True,"(0.7285, 0.7285, 2.0)","(0.7285, 0.7285, 2.0)",0.0,0,15,16,False
train,amos_0268,amos_0268.nii.gz,amos_0268.nii.gz,"(512, 512, 191)","(512, 512, 191)",True,"(0.6484, 0.6484, 2.0)","(0.6484, 0.6484, 2.0)",0.0,0,15,16,False
train,amos_0272,amos_0272.nii.gz,amos_0272.nii.gz,"(512, 512, 192)","(512, 512, 192)",True,"(0.6289, 0.6289, 2.0)","(0.6289, 0.6289, 2.0)",0.0,0,15,16,False
train,amos_0273,amos_0273.nii.gz,amos_0273.nii.gz,"(512, 512, 244)","(512, 512, 244)",True,"(0.75, 0.75, 2.0)","(0.75, 0.75, 2.0)",0.0,0,15,16,False
train,amos_0274,amos_0274.nii.gz,amos_0274.nii.gz,"(512, 512, 291)","(512, 512, 291)",True,"(0.6875, 0.6875, 2.0)","(0.6875, 0.6875, 2.0)",0.0,0,15,16,False
train,amos_0276,amos_0276.nii.gz,amos_0276.nii.gz,"(512, 512, 192)","(512, 512, 192)",True,"(0.6113, 0.6113, 2.0)","(0.6113, 0.6113, 2.0)",0.0,0,15,16,False
train,amos_0279,amos_0279.nii.gz,amos_0279.nii.gz,"(512, 512, 353)","(512, 512, 353)",True,"(0.7031, 0.7031, 1.25)","(0.7031, 0.7031, 1.25)",0.0,0,15,15,False
train,amos_0281,amos_0281.nii.gz,amos_0281.nii.gz,"(512, 512, 205)","(512, 512, 205)",True,"(0.5703, 0.5703, 2.0)","(0.5703, 0.5703, 2.0)",0.0,0,15,16,False
train,amos_0282,amos_0282.nii.gz,amos_0282.nii.gz,"(512, 512, 265)","(512, 512, 265)",True,"(0.7871, 0.7871, 2.0)","(0.7871, 0.7871, 2.0)",0.0,0,15,16,False
train,amos_0288,amos_0288.nii.gz,amos_0288.nii.gz,"(512, 512, 131)","(512, 512, 131)",True,"(0.7461, 0.7461, 5.0)","(0.7461, 0.7461, 5.0)",0.0,0,15,16,False
train,amos_0294,amos_0294.nii.gz,amos_0294.nii.gz,"(512, 512, 239)","(512, 512, 239)",True,"(0.6777, 0.6777, 2.0)","(0.6777, 0.6777, 2.0)",0.0,0,15,15,False
train,amos_0296,amos_0296.nii.gz,amos_0296.nii.gz,"(512, 512, 187)","(512, 512, 187)",True,"(0.7949, 0.7949, 2.5)","(0.7949, 0.7949, 2.5)",0.0,0,15,16,False
train,amos_0297,amos_0297.nii.gz,amos_0297.nii.gz,"(512, 512, 345)","(512, 512, 345)",True,"(0.7695, 0.7695, 2.0)","(0.7695, 0.7695, 2.0)",0.0,0,15,16,False
train,amos_0299,amos_0299.nii.gz,amos_0299.nii.gz,"(512, 512, 163)","(512, 512, 163)",True,"(0.7793, 0.7793, 2.5)","(0.7793, 0.7793, 2.5)",0.0,0,15,16,False
train,amos_0301,amos_0301.nii.gz,amos_0301.nii.gz,"(512, 512, 191)","(512, 512, 191)",True,"(0.7461, 0.7461, 2.5)","(0.7461, 0.7461, 2.5)",0.0,0,15,16,False
train,amos_0302,amos_0302.nii.gz,amos_0302.nii.gz,"(512, 512, 86)","(512, 512, 86)",True,"(0.6172, 0.6172, 5.0)","(0.6172, 0.6172, 5.0)",0.0,0,15,16,False
train,amos_0307,amos_0307.nii.gz,amos_0307.nii.gz,"(512, 512, 251)","(512, 512, 251)",True,"(0.6719, 0.6719, 2.0)","(0.6719, 0.6719, 2.0)",0.0,0,15,16,False
train,amos_0317,amos_0317.nii.gz,amos_0317.nii.gz,"(512, 512, 218)","(512, 512, 218)",True,"(0.6152, 0.6152, 2.0)","(0.6152, 0.6152, 2.0)",0.0,0,15,16,False
train,amos_0320,amos_0320.nii.gz,amos_0320.nii.gz,"(512, 512, 322)","(512, 512, 322)",True,"(0.625, 0.625, 2.0)","(0.625, 0.625, 2.0)",0.0,0,15,16,False
train,amos_0321,amos_0321.nii.gz,amos_0321.nii.gz,"(512, 512, 192)","(512, 512, 192)",True,"(0.7188, 0.7188, 2.0)","(0.7188, 0.7188, 2.0)",0.0,0,15,16,False
train,amos_0330,amos_0330.nii.gz,amos_0330.nii.gz,"(512, 512, 92)","(512, 512, 92)",True,"(0.6211, 0.6211, 5.0)","(0.6211, 0.6211, 5.0)",0.0,0,15,16,False
train,amos_0332,amos_0332.nii.gz,amos_0332.nii.gz,"(512, 512, 228)","(512, 512, 228)",True,"(0.6836, 0.6836, 2.0)","(0.6836, 0.6836, 2.0)",0.0,0,15,16,False
train,amos_0336,amos_0336.nii.gz,amos_0336.nii.gz,"(512, 512, 314)","(512, 512, 314)",True,"(0.793, 0.793, 2.0)","(0.793, 0.793, 2.0)",0.0,0,15,16,False
train,amos_0337,amos_0337.nii.gz,amos_0337.nii.gz,"(512, 512, 224)","(512, 512, 224)",True,"(0.748, 0.748, 2.0)","(0.748, 0.748, 2.0)",0.0,0,15,16,False
train,amos_0341,amos_0341.nii.gz,amos_0341.nii.gz,"(512, 512, 121)","(512, 512, 121)",True,"(0.6094, 0.6094, 5.0)","(0.6094, 0.6094, 5.0)",0.0,0,15,16,False
train,amos_0348,amos_0348.nii.gz,amos_0348.nii.gz,"(512, 512, 317)","(512, 512, 317)",True,"(0.6758, 0.6758, 2.0)","(0.6758, 0.6758, 2.0)",0.0,0,15,16,False
train,amos_0349,amos_0349.nii.gz,amos_0349.nii.gz,"(512, 512, 100)","(512, 512, 100)",True,"(0.7031, 0.7031, 5.0)","(0.7031, 0.7031, 5.0)",0.0,0,15,16,False
train,amos_0350,amos_0350.nii.gz,amos_0350.nii.gz,"(512, 512, 237)","(512, 512, 237)",True,"(0.6211, 0.6211, 2.0)","(0.6211, 0.6211, 2.0)",0.0,0,15,16,False
train,amos_0351,amos_0351.nii.gz,amos_0351.nii.gz,"(512, 512, 341)","(512, 512, 341)",True,"(0.7031, 0.7031, 1.25)","(0.7031, 0.7031, 1.25)",0.0,0,15,16,False
train,amos_0353,amos_0353.nii.gz,amos_0353.nii.gz,"(512, 512, 217)","(512, 512, 217)",True,"(0.6504, 0.6504, 2.0)","(0.6504, 0.6504, 2.0)",0.0,0,15,16,False
train,amos_0358,amos_0358.nii.gz,amos_0358.nii.gz,"(512, 512, 321)","(512, 512, 321)",True,"(0.6191, 0.6191, 1.25)","(0.6191, 0.6191, 1.25)",0.0,0,15,16,False
train,amos_0361,amos_0361.nii.gz,amos_0361.nii.gz,"(768, 768, 84)","(768, 768, 84)",True,"(0.5273, 0.5273, 5.0)","(0.5273, 0.5273, 5.0)",0.0,0,15,16,False
train,amos_0362,amos_0362.nii.gz,amos_0362.nii.gz,"(768, 768, 106)","(768, 768, 106)",True,"(0.6497, 0.6497, 5.0)","(0.6497, 0.6497, 5.0)",0.0,0,15,16,False
train,amos_0366,amos_0366.nii.gz,amos_0366.nii.gz,"(768, 768, 86)","(768, 768, 86)",True,"(0.5352, 0.5352, 5.0)","(0.5352, 0.5352, 5.0)",0.0,0,15,16,False
train,amos_0367,amos_0367.nii.gz,amos_0367.nii.gz,"(768, 768, 91)","(768, 768, 91)",True,"(0.651, 0.651, 5.0)","(0.651, 0.651, 5.0)",0.0,0,15,16,False
train,amos_0370,amos_0370.nii.gz,amos_0370.nii.gz,"(768, 768, 101)","(768, 768, 101)",True,"(0.6458, 0.6458, 5.0)","(0.6458, 0.6458, 5.0)",0.0,0,15,16,False
train,amos_0371,amos_0371.nii.gz,amos_0371.nii.gz,"(768, 768, 90)","(768, 768, 90)",True,"(0.4974, 0.4974, 5.0)","(0.4974, 0.4974, 5.0)",0.0,0,15,14,False
train,amos_0374,amos_0374.nii.gz,amos_0374.nii.gz,"(768, 768, 83)","(768, 768, 83)",True,"(0.6406, 0.6406, 5.0)","(0.6406, 0.6406, 5.0)",0.0,0,15,16,False
train,amos_0376,amos_0376.nii.gz,amos_0376.nii.gz,"(768, 768, 81)","(768, 768, 81)",True,"(0.543, 0.543, 5.0)","(0.543, 0.543, 5.0)",0.0,0,15,15,False
train,amos_0378,amos_0378.nii.gz,amos_0378.nii.gz,"(768, 768, 96)","(768, 768, 96)",True,"(0.6328, 0.6328, 5.0)","(0.6328, 0.6328, 5.0)",0.0,0,15,16,False
train,amos_0379,amos_0379.nii.gz,amos_0379.nii.gz,"(768, 768, 100)","(768, 768, 100)",True,"(0.6081, 0.6081, 5.0)","(0.6081, 0.6081, 5.0)",0.0,0,15,2,False
train,amos_0380,amos_0380.nii.gz,amos_0380.nii.gz,"(768, 768, 93)","(768, 768, 93)",True,"(0.6068, 0.6068, 5.0)","(0.6068, 0.6068, 5.0)",0.0,0,15,16,False
train,amos_0381,amos_0381.nii.gz,amos_0381.nii.gz,"(768, 768, 83)","(768, 768, 83)",True,"(0.6458, 0.6458, 5.0)","(0.6458, 0.6458, 5.0)",0.0,0,15,16,False
train,amos_0383,amos_0383.nii.gz,amos_0383.nii.gz,"(768, 768, 97)","(768, 768, 97)",True,"(0.6055, 0.6055, 5.0)","(0.6055, 0.6055, 5.0)",0.0,0,15,16,False
train,amos_0384,amos_0384.nii.gz,amos_0384.nii.gz,"(768, 768, 94)","(768, 768, 94)",True,"(0.4622, 0.4622, 5.0)","(0.4622, 0.4622, 5.0)",0.0,0,15,16,False
train,amos_0387,amos_0387.nii.gz,amos_0387.nii.gz,"(768, 768, 105)","(768, 768, 105)",True,"(0.582, 0.582, 5.0)","(0.582, 0.582, 5.0)",0.0,0,15,16,False
train,amos_0388,amos_0388.nii.gz,amos_0388.nii.gz,"(768, 768, 82)","(768, 768, 82)",True,"(0.4818, 0.4818, 5.0)","(0.4818, 0.4818, 5.0)",0.0,0,15,16,False
train,amos_0390,amos_0390.nii.gz,amos_0390.nii.gz,"(768, 768, 99)","(768, 768, 99)",True,"(0.6211, 0.6211, 5.0)","(0.6211, 0.6211, 5.0)",0.0,0,15,16,False
train,amos_0391,amos_0391.nii.gz,amos_0391.nii.gz,"(512, 512, 83)","(512, 512, 83)",True,"(0.9727, 0.9727, 5.0)","(0.9727, 0.9727, 5.0)",0.0,0,15,16,False
train,amos_0392,amos_0392.nii.gz,amos_0392.nii.gz,"(768, 768, 85)","(768, 768, 85)",True,"(0.5365, 0.5365, 5.0)","(0.5365, 0.5365, 5.0)",0.0,0,15,16,False
train,amos_0395,amos_0395.nii.gz,amos_0395.nii.gz,"(768, 768, 83)","(768, 768, 83)",True,"(0.4622, 0.4622, 5.0)","(0.4622, 0.4622, 5.0)",0.0,0,15,16,False
train,amos_0396,amos_0396.nii.gz,amos_0396.nii.gz,"(768, 768, 86)","(768, 768, 86)",True,"(0.6432, 0.6432, 5.0)","(0.6432, 0.6432, 5.0)",0.0,0,15,16,False
train,amos_0398,amos_0398.nii.gz,amos_0398.nii.gz,"(768, 768, 82)","(768, 768, 82)",True,"(0.6276, 0.6276, 5.0)","(0.6276, 0.6276, 5.0)",0.0,0,15,16,False
train,amos_0400,amos_0400.nii.gz,amos_0400.nii.gz,"(768, 768, 79)","(768, 768, 79)",True,"(0.4674, 0.4674, 5.0)","(0.4674, 0.4674, 5.0)",0.0,0,15,16,False
train,amos_0401,amos_0401.nii.gz,amos_0401.nii.gz,"(768, 768, 91)","(768, 768, 91)",True,"(0.5247, 0.5247, 5.0)","(0.5247, 0.5247, 5.0)",0.0,0,15,16,False
train,amos_0402,amos_0402.nii.gz,amos_0402.nii.gz,"(768, 768, 93)","(768, 768, 93)",True,"(0.5521, 0.5521, 5.0)","(0.5521, 0.5521, 5.0)",0.0,0,15,15,False
train,amos_0403,amos_0403.nii.gz,amos_0403.nii.gz,"(768, 768, 87)","(768, 768, 87)",True,"(0.5625, 0.5625, 5.0)","(0.5625, 0.5625, 5.0)",0.0,0,15,16,False
train,amos_0404,amos_0404.nii.gz,amos_0404.nii.gz,"(768, 768, 84)","(768, 768, 84)",True,"(0.5352, 0.5352, 5.0)","(0.5352, 0.5352, 5.0)",0.0,0,15,16,False
train,amos_0405,amos_0405.nii.gz,amos_0405.nii.gz,"(768, 768, 90)","(768, 768, 90)",True,"(0.5885, 0.5885, 5.0)","(0.5885, 0.5885, 5.0)",0.0,0,15,16,False
train,amos_0406,amos_0406.nii.gz,amos_0406.nii.gz,"(768, 768, 82)","(768, 768, 82)",True,"(0.556, 0.556, 5.0)","(0.556, 0.556, 5.0)",0.0,0,15,16,False
train,amos_0408,amos_0408.nii.gz,amos_0408.nii.gz,"(768, 768, 104)","(768, 768, 104)",True,"(0.6146, 0.6146, 5.0)","(0.6146, 0.6146, 5.0)",0.0,0,15,16,False
train,amos_0410,amos_0410.nii.gz,amos_0410.nii.gz,"(768, 768, 107)","(768, 768, 107)",True,"(0.5833, 0.5833, 5.0)","(0.5833, 0.5833, 5.0)",0.0,0,15,16,False
train,amos_0507,amos_0507.nii.gz,amos_0507.nii.gz,"(320, 290, 72)","(320, 290, 72)",True,"(1.1875, 1.1875, 2.5)","(1.1875, 1.1875, 2.5)",0.0,0,13,14,False
train,amos_0508,amos_0508.nii.gz,amos_0508.nii.gz,"(260, 80, 320)","(260, 80, 320)",True,"(1.4062, 1.5, 1.4062)","(1.4063, 1.5, 1.4062)",0.0,0,13,14,False
train,amos_0510,amos_0510.nii.gz,amos_0510.nii.gz,"(260, 104, 320)","(260, 104, 320)",True,"(1.4062, 1.5, 1.4062)","(1.4062, 1.5, 1.4062)",0.0,0,13,14,False
train,amos_0514,amos_0514.nii.gz,amos_0514.nii.gz,"(260, 112, 320)","(260, 112, 320)",True,"(1.4062, 1.5, 1.4062)","(1.4062, 1.5, 1.4062)",0.0,0,13,14,False
train,amos_0517,amos_0517.nii.gz,amos_0517.nii.gz,"(400, 400, 115)","(400, 400, 115)",True,"(1.0, 1.0, 2.0)","(1.0, 1.0, 2.0)",0.0,0,13,14,False
train,amos_0518,amos_0518.nii.gz,amos_0518.nii.gz,"(400, 120, 400)","(400, 120, 400)",True,"(1.0, 2.0, 1.0)","(1.0, 2.0, 1.0)",0.0,0,15,16,False
train,amos_0522,amos_0522.nii.gz,amos_0522.nii.gz,"(320, 260, 72)","(320, 260, 72)",True,"(1.375, 1.375, 3.0)","(1.375, 1.375, 3.0)",0.0,0,13,14,False
train,amos_0530,amos_0530.nii.gz,amos_0530.nii.gz,"(320, 290, 64)","(320, 290, 64)",True,"(1.1875, 1.1875, 3.0)","(1.1875, 1.1875, 3.0)",0.0,0,13,14,False
train,amos_0532,amos_0532.nii.gz,amos_0532.nii.gz,"(320, 260, 72)","(320, 260, 72)",True,"(1.3125, 1.3125, 3.0)","(1.3125, 1.3125, 3.0)",0.0,0,13,14,False
train,amos_0538,amos_0538.nii.gz,amos_0538.nii.gz,"(320, 260, 64)","(320, 260, 64)",True,"(1.3125, 1.3125, 3.0)","(1.3125, 1.3125, 3.0)",0.0,0,13,14,False
train,amos_0540,amos_0540.nii.gz,amos_0540.nii.gz,"(192, 192, 100)","(192, 192, 100)",True,"(1.9531, 1.9531, 2.0)","(1.9531, 1.9531, 2.0)",0.0,0,13,14,False
train,amos_0541,amos_0541.nii.gz,amos_0541.nii.gz,"(320, 290, 72)","(320, 290, 72)",True,"(1.1875, 1.1875, 3.0)","(1.1875, 1.1875, 3.0)",0.0,0,13,13,False
train,amos_0548,amos_0548.nii.gz,amos_0548.nii.gz,"(320, 260, 72)","(320, 260, 72)",True,"(1.1875, 1.1875, 3.0)","(1.1875, 1.1875, 3.0)",0.0,0,13,14,False
train,amos_0551,amos_0551.nii.gz,amos_0551.nii.gz,"(576, 468, 72)","(576, 468, 72)",True,"(0.6944, 0.6944, 3.0)","(0.6944, 0.6944, 3.0)",0.0,0,13,14,False
train,amos_0554,amos_0554.nii.gz,amos_0554.nii.gz,"(512, 168, 512)","(512, 168, 512)",True,"(0.8203, 1.1, 0.8203)","(0.8203, 1.1, 0.8203)",0.0,0,13,14,False
train,amos_0555,amos_0555.nii.gz,amos_0555.nii.gz,"(288, 232, 72)","(288, 232, 72)",True,"(1.3889, 1.3889, 3.0)","(1.3889, 1.3889, 3.0)",0.0,0,13,14,False
train,amos_0557,amos_0557.nii.gz,amos_0557.nii.gz,"(512, 152, 512)","(512, 152, 512)",True,"(0.8203, 1.1, 0.8203)","(0.8203, 1.1, 0.8203)",0.0,0,13,14,False
train,amos_0558,amos_0558.nii.gz,amos_0558.nii.gz,"(512, 168, 512)","(512, 168, 512)",True,"(0.8203, 1.1, 0.8203)","(0.8203, 1.1, 0.8203)",0.0,0,13,14,False
train,amos_0570,amos_0570.nii.gz,amos_0570.nii.gz,"(320, 260, 72)","(320, 260, 72)",True,"(1.1875, 1.1875, 3.0)","(1.1875, 1.1875, 3.0)",0.0,0,13,13,False
train,amos_0571,amos_0571.nii.gz,amos_0571.nii.gz,"(320, 258, 72)","(320, 258, 72)",True,"(1.25, 1.25, 3.0)","(1.25, 1.25, 3.0)",0.0,0,13,14,False
train,amos_0578,amos_0578.nii.gz,amos_0578.nii.gz,"(512, 168, 512)","(512, 168, 512)",True,"(0.8203, 1.1, 0.8203)","(0.8203, 1.1, 0.8203)",0.0,0,13,13,False
train,amos_0580,amos_0580.nii.gz,amos_0580.nii.gz,"(320, 60, 320)","(320, 60, 320)",True,"(1.1875, 3.0, 1.1875)","(1.1875, 3.0, 1.1875)",0.0,0,13,14,False
train,amos_0582,amos_0582.nii.gz,amos_0582.nii.gz,"(320, 60, 320)","(320, 60, 320)",True,"(1.1875, 3.0, 1.1875)","(1.1875, 3.0, 1.1875)",0.0,0,13,14,False
train,amos_0583,amos_0583.nii.gz,amos_0583.nii.gz,"(320, 60, 320)","(320, 60, 320)",True,"(1.1875, 3.0, 1.1875)","(1.1875, 3.0, 1.1875)",0.0,0,13,14,False
train,amos_0584,amos_0584.nii.gz,amos_0584.nii.gz,"(288, 232, 72)","(288, 232, 72)",True,"(1.3889, 1.3889, 3.0)","(1.3889, 1.3889, 3.0)",0.0,0,13,14,False
train,amos_0585,amos_0585.nii.gz,amos_0585.nii.gz,"(320, 260, 72)","(320, 260, 72)",True,"(1.1875, 1.1875, 3.0)","(1.1875, 1.1875, 3.0)",0.0,0,13,13,False
train,amos_0586,amos_0586.nii.gz,amos_0586.nii.gz,"(260, 144, 320)","(260, 144, 320)",True,"(1.4063, 1.5, 1.4063)","(1.4063, 1.5, 1.4063)",0.0,0,13,14,False
train,amos_0587,amos_0587.nii.gz,amos_0587.nii.gz,"(320, 260, 72)","(320, 260, 72)",True,"(1.1875, 1.1875, 3.0)","(1.1875, 1.1875, 3.0)",0.0,0,13,14,False
train,amos_0588,amos_0588.nii.gz,amos_0588.nii.gz,"(512, 168, 512)","(512, 168, 512)",True,"(0.8203, 1.1, 0.8203)","(0.8203, 1.1, 0.8203)",0.0,0,13,14,False
train,amos_0589,amos_0589.nii.gz,amos_0589.nii.gz,"(320, 60, 320)","(320, 60, 320)",True,"(1.1875, 3.0, 1.1875)","(1.1875, 3.0, 1.1875)",0.0,0,13,14,False
train,amos_0590,amos_0590.nii.gz,amos_0590.nii.gz,"(512, 168, 512)","(512, 168, 512)",True,"(0.8203, 1.1, 0.8203)","(0.8203, 1.1, 0.8203)",0.0,0,13,14,False
train,amos_0591,amos_0591.nii.gz,amos_0591.nii.gz,"(320, 260, 72)","(320, 260, 72)",True,"(1.1875, 1.1875, 3.0)","(1.1875, 1.1875, 3.0)",0.0,0,13,14,False
train,amos_0592,amos_0592.nii.gz,amos_0592.nii.gz,"(512, 168, 512)","(512, 168, 512)",True,"(0.8203, 1.1, 0.8203)","(0.8203, 1.1, 0.8203)",0.0,0,13,14,False
train,amos_0593,amos_0593.nii.gz,amos_0593.nii.gz,"(576, 468, 72)","(576, 468, 72)",True,"(0.6944, 0.6944, 3.0)","(0.6944, 0.6944, 3.0)",0.0,0,13,14,False
train,amos_0594,amos_0594.nii.gz,amos_0594.nii.gz,"(512, 168, 512)","(512, 168, 512)",True,"(0.8203, 1.1, 0.8203)","(0.8203, 1.1, 0.8203)",0.0,0,13,14,False
train,amos_0595,amos_0595.nii.gz,amos_0595.nii.gz,"(320, 260, 72)","(320, 260, 72)",True,"(1.1875, 1.1875, 3.0)","(1.1875, 1.1875, 3.0)",0.0,0,13,13,False
train,amos_0596,amos_0596.nii.gz,amos_0596.nii.gz,"(512, 168, 512)","(512, 168, 512)",True,"(0.8203, 1.1, 0.8203)","(0.8203, 1.1, 0.8203)",0.0,0,15,16,False
train,amos_0597,amos_0597.nii.gz,amos_0597.nii.gz,"(320, 60, 320)","(320, 60, 320)",True,"(1.1875, 3.0, 1.1875)","(1.1875, 3.0, 1.1875)",0.0,0,13,14,False
train,amos_0599,amos_0599.nii.gz,amos_0599.nii.gz,"(320, 260, 72)","(320, 260, 72)",True,"(1.1875, 1.1875, 3.0)","(1.1875, 1.1875, 3.0)",0.0,0,13,14,False
train,amos_0600,amos_0600.nii.gz,amos_0600.nii.gz,"(320, 260, 72)","(320, 260, 72)",True,"(1.1875, 1.1875, 3.0)","(1.1875, 1.1875, 3.0)",0.0,0,13,14,False
val,amos_0008,amos_0008.nii.gz,amos_0008.nii.gz,"(768, 768, 101)","(768, 768, 101)",True,"(0.6159, 0.6159, 5.0)","(0.6159, 0.6159, 5.0)",0.0,0,15,16,False
val,amos_0013,amos_0013.nii.gz,amos_0013.nii.gz,"(512, 512, 82)","(512, 512, 82)",True,"(0.781, 0.781, 5.0)","(0.781, 0.781, 5.0)",0.0,0,15,16,False
val,amos_0018,amos_0018.nii.gz,amos_0018.nii.gz,"(512, 512, 104)","(512, 512, 104)",True,"(0.846, 0.846, 5.0)","(0.846, 0.846, 5.0)",0.0,0,15,16,False
val,amos_0022,amos_0022.nii.gz,amos_0022.nii.gz,"(768, 768, 104)","(768, 768, 104)",True,"(0.5833, 0.5833, 5.0)","(0.5833, 0.5833, 5.0)",0.0,0,15,16,False
val,amos_0029,amos_0029.nii.gz,amos_0029.nii.gz,"(512, 512, 128)","(512, 512, 128)",True,"(0.782, 0.782, 5.0)","(0.782, 0.782, 5.0)",0.0,0,14,15,False
val,amos_0032,amos_0032.nii.gz,amos_0032.nii.gz,"(512, 512, 115)","(512, 512, 115)",True,"(0.927, 0.927, 5.0)","(0.927, 0.927, 5.0)",0.0,0,15,16,False
val,amos_0034,amos_0034.nii.gz,amos_0034.nii.gz,"(512, 512, 103)","(512, 512, 103)",True,"(0.782, 0.782, 5.0)","(0.782, 0.782, 5.0)",0.0,0,15,16,False
val,amos_0040,amos_0040.nii.gz,amos_0040.nii.gz,"(512, 512, 100)","(512, 512, 100)",True,"(0.782, 0.782, 5.0)","(0.782, 0.782, 5.0)",0.0,0,15,16,False
val,amos_0041,amos_0041.nii.gz,amos_0041.nii.gz,"(512, 512, 82)","(512, 512, 82)",True,"(0.782, 0.782, 5.0)","(0.782, 0.782, 5.0)",0.0,0,15,16,False
val,amos_0051,amos_0051.nii.gz,amos_0051.nii.gz,"(512, 512, 90)","(512, 512, 90)",True,"(0.774, 0.774, 5.0)","(0.774, 0.774, 5.0)",0.0,0,15,16,False
val,amos_0056,amos_0056.nii.gz,amos_0056.nii.gz,"(768, 768, 95)","(768, 768, 95)",True,"(0.5794, 0.5794, 5.0)","(0.5794, 0.5794, 5.0)",0.0,0,15,14,False
val,amos_0061,amos_0061.nii.gz,amos_0061.nii.gz,"(512, 512, 78)","(512, 512, 78)",True,"(0.782, 0.782, 5.0)","(0.782, 0.782, 5.0)",0.0,0,15,16,False
val,amos_0063,amos_0063.nii.gz,amos_0063.nii.gz,"(512, 512, 112)","(512, 512, 112)",True,"(0.782, 0.782, 5.0)","(0.782, 0.782, 5.0)",0.0,0,15,16,False
val,amos_0070,amos_0070.nii.gz,amos_0070.nii.gz,"(768, 768, 103)","(768, 768, 103)",True,"(0.5234, 0.5234, 5.0)","(0.5234, 0.5234, 5.0)",0.0,0,15,15,False
val,amos_0073,amos_0073.nii.gz,amos_0073.nii.gz,"(512, 512, 91)","(512, 512, 91)",True,"(0.782, 0.782, 5.0)","(0.782, 0.782, 5.0)",0.0,0,15,16,False
val,amos_0085,amos_0085.nii.gz,amos_0085.nii.gz,"(512, 512, 124)","(512, 512, 124)",True,"(0.702, 0.702, 5.0)","(0.702, 0.702, 5.0)",0.0,0,15,16,False
val,amos_0087,amos_0087.nii.gz,amos_0087.nii.gz,"(512, 512, 87)","(512, 512, 87)",True,"(0.782, 0.782, 5.0)","(0.782, 0.782, 5.0)",0.0,0,15,16,False
val,amos_0090,amos_0090.nii.gz,amos_0090.nii.gz,"(512, 512, 96)","(512, 512, 96)",True,"(1.037, 1.037, 5.0)","(1.037, 1.037, 5.0)",0.0,0,15,16,False
val,amos_0106,amos_0106.nii.gz,amos_0106.nii.gz,"(768, 768, 105)","(768, 768, 105)",True,"(0.6458, 0.6458, 5.0)","(0.6458, 0.6458, 5.0)",0.0,0,15,16,False
val,amos_0108,amos_0108.nii.gz,amos_0108.nii.gz,"(512, 512, 111)","(512, 512, 111)",True,"(0.782, 0.782, 5.0)","(0.782, 0.782, 5.0)",0.0,0,15,16,False
val,amos_0112,amos_0112.nii.gz,amos_0112.nii.gz,"(768, 768, 100)","(768, 768, 100)",True,"(0.6185, 0.6185, 5.0)","(0.6185, 0.6185, 5.0)",0.0,0,15,3,False
val,amos_0117,amos_0117.nii.gz,amos_0117.nii.gz,"(768, 768, 103)","(768, 768, 103)",True,"(0.5078, 0.5078, 5.0)","(0.5078, 0.5078, 5.0)",0.0,0,13,14,False
val,amos_0120,amos_0120.nii.gz,amos_0120.nii.gz,"(512, 512, 87)","(512, 512, 87)",True,"(0.782, 0.782, 5.0)","(0.782, 0.782, 5.0)",0.0,0,15,15,False
val,amos_0123,amos_0123.nii.gz,amos_0123.nii.gz,"(512, 512, 112)","(512, 512, 112)",True,"(0.782, 0.782, 5.0)","(0.782, 0.782, 5.0)",0.0,0,15,16,False
val,amos_0128,amos_0128.nii.gz,amos_0128.nii.gz,"(768, 768, 99)","(768, 768, 99)",True,"(0.5273, 0.5273, 5.0)","(0.5273, 0.5273, 5.0)",0.0,0,15,16,False
val,amos_0132,amos_0132.nii.gz,amos_0132.nii.gz,"(512, 512, 131)","(512, 512, 131)",True,"(0.961, 0.961, 5.0)","(0.961, 0.961, 5.0)",0.0,0,15,16,False
val,amos_0136,amos_0136.nii.gz,amos_0136.nii.gz,"(512, 512, 118)","(512, 512, 118)",True,"(0.789, 0.789, 5.0)","(0.789, 0.789, 5.0)",0.0,0,15,16,False
val,amos_0140,amos_0140.nii.gz,amos_0140.nii.gz,"(768, 768, 103)","(768, 768, 103)",True,"(0.599, 0.599, 5.0)","(0.599, 0.599, 5.0)",0.0,0,15,16,False
val,amos_0144,amos_0144.nii.gz,amos_0144.nii.gz,"(512, 512, 135)","(512, 512, 135)",True,"(0.846, 0.846, 5.0)","(0.846, 0.846, 5.0)",0.0,0,15,16,False
val,amos_0150,amos_0150.nii.gz,amos_0150.nii.gz,"(768, 768, 99)","(768, 768, 99)",True,"(0.6432, 0.6432, 5.0)","(0.6432, 0.6432, 5.0)",0.0,0,15,15,False
val,amos_0155,amos_0155.nii.gz,amos_0155.nii.gz,"(512, 512, 131)","(512, 512, 131)",True,"(0.866, 0.866, 5.0)","(0.866, 0.866, 5.0)",0.0,0,15,16,False
val,amos_0157,amos_0157.nii.gz,amos_0157.nii.gz,"(512, 512, 96)","(512, 512, 96)",True,"(0.782, 0.782, 5.0)","(0.782, 0.782, 5.0)",0.0,0,15,16,False
val,amos_0167,amos_0167.nii.gz,amos_0167.nii.gz,"(512, 512, 89)","(512, 512, 89)",True,"(0.782, 0.782, 5.0)","(0.782, 0.782, 5.0)",0.0,0,15,16,False
val,amos_0174,amos_0174.nii.gz,amos_0174.nii.gz,"(512, 512, 132)","(512, 512, 132)",True,"(0.98, 0.98, 5.0)","(0.98, 0.98, 5.0)",0.0,0,15,16,False
val,amos_0176,amos_0176.nii.gz,amos_0176.nii.gz,"(512, 512, 123)","(512, 512, 123)",True,"(0.751, 0.751, 5.0)","(0.751, 0.751, 5.0)",0.0,0,15,16,False
val,amos_0189,amos_0189.nii.gz,amos_0189.nii.gz,"(768, 768, 89)","(768, 768, 89)",True,"(0.4792, 0.4792, 5.0)","(0.4792, 0.4792, 5.0)",0.0,0,15,16,False
val,amos_0191,amos_0191.nii.gz,amos_0191.nii.gz,"(768, 768, 94)","(768, 768, 94)",True,"(0.5078, 0.5078, 5.0)","(0.5078, 0.5078, 5.0)",0.0,0,15,15,False
val,amos_0194,amos_0194.nii.gz,amos_0194.nii.gz,"(768, 768, 74)","(768, 768, 74)",True,"(0.5339, 0.5339, 5.0)","(0.5339, 0.5339, 5.0)",0.0,0,15,16,False
val,amos_0200,amos_0200.nii.gz,amos_0200.nii.gz,"(512, 512, 128)","(512, 512, 128)",True,"(0.9, 0.9, 5.0)","(0.9, 0.9, 5.0)",0.0,0,15,16,False
val,amos_0202,amos_0202.nii.gz,amos_0202.nii.gz,"(512, 512, 88)","(512, 512, 88)",True,"(0.7695, 0.7695, 5.0)","(0.7695, 0.7695, 5.0)",0.0,0,15,16,False
val,amos_0203,amos_0203.nii.gz,amos_0203.nii.gz,"(512, 512, 236)","(512, 512, 236)",True,"(0.6582, 0.6582, 2.0)","(0.6582, 0.6582, 2.0)",0.0,0,15,16,False
val,amos_0204,amos_0204.nii.gz,amos_0204.nii.gz,"(512, 512, 208)","(512, 512, 208)",True,"(0.6582, 0.6582, 2.0)","(0.6582, 0.6582, 2.0)",0.0,0,15,16,False
val,amos_0206,amos_0206.nii.gz,amos_0206.nii.gz,"(512, 512, 302)","(512, 512, 302)",True,"(0.6113, 0.6113, 2.0)","(0.6113, 0.6113, 2.0)",0.0,0,15,16,False
val,amos_0207,amos_0207.nii.gz,amos_0207.nii.gz,"(512, 512, 345)","(512, 512, 345)",True,"(0.793, 0.793, 1.25)","(0.793, 0.793, 1.25)",0.0,0,15,16,False
val,amos_0208,amos_0208.nii.gz,amos_0208.nii.gz,"(512, 512, 206)","(512, 512, 206)",True,"(0.6406, 0.6406, 2.0)","(0.6406, 0.6406, 2.0)",0.0,0,15,16,False
val,amos_0216,amos_0216.nii.gz,amos_0216.nii.gz,"(512, 512, 242)","(512, 512, 242)",True,"(0.6582, 0.6582, 2.0)","(0.6582, 0.6582, 2.0)",0.0,0,15,16,False
val,amos_0218,amos_0218.nii.gz,amos_0218.nii.gz,"(512, 512, 173)","(512, 512, 173)",True,"(0.7559, 0.7559, 2.5)","(0.7559, 0.7559, 2.5)",0.0,0,15,16,False
val,amos_0219,amos_0219.nii.gz,amos_0219.nii.gz,"(512, 512, 202)","(512, 512, 202)",True,"(0.6387, 0.6387, 2.0)","(0.6387, 0.6387, 2.0)",0.0,0,15,16,False
val,amos_0223,amos_0223.nii.gz,amos_0223.nii.gz,"(512, 512, 206)","(512, 512, 206)",True,"(0.6504, 0.6504, 2.0)","(0.6504, 0.6504, 2.0)",0.0,0,15,16,False
val,amos_0228,amos_0228.nii.gz,amos_0228.nii.gz,"(512, 512, 297)","(512, 512, 297)",True,"(0.6816, 0.6816, 2.0)","(0.6816, 0.6816, 2.0)",0.0,0,15,16,False
val,amos_0233,amos_0233.nii.gz,amos_0233.nii.gz,"(512, 512, 307)","(512, 512, 307)",True,"(0.7051, 0.7051, 2.0)","(0.7051, 0.7051, 2.0)",0.0,0,15,16,False
val,amos_0238,amos_0238.nii.gz,amos_0238.nii.gz,"(512, 512, 213)","(512, 512, 213)",True,"(0.7656, 0.7656, 2.0)","(0.7656, 0.7656, 2.0)",0.0,0,15,16,False
val,amos_0244,amos_0244.nii.gz,amos_0244.nii.gz,"(512, 512, 305)","(512, 512, 305)",True,"(0.7676, 0.7676, 2.0)","(0.7676, 0.7676, 2.0)",0.0,0,15,16,False
val,amos_0247,amos_0247.nii.gz,amos_0247.nii.gz,"(512, 512, 314)","(512, 512, 314)",True,"(0.6484, 0.6484, 2.0)","(0.6484, 0.6484, 2.0)",0.0,0,14,15,False
val,amos_0250,amos_0250.nii.gz,amos_0250.nii.gz,"(512, 512, 284)","(512, 512, 284)",True,"(0.6074, 0.6074, 2.0)","(0.6074, 0.6074, 2.0)",0.0,0,15,16,False
val,amos_0255,amos_0255.nii.gz,amos_0255.nii.gz,"(512, 512, 276)","(512, 512, 276)",True,"(0.752, 0.752, 2.0)","(0.752, 0.752, 2.0)",0.0,0,15,16,False
val,amos_0257,amos_0257.nii.gz,amos_0257.nii.gz,"(512, 512, 101)","(512, 512, 101)",True,"(0.7227, 0.7227, 5.0)","(0.7227, 0.7227, 5.0)",0.0,0,15,16,False
val,amos_0258,amos_0258.nii.gz,amos_0258.nii.gz,"(512, 512, 122)","(512, 512, 122)",True,"(0.6133, 0.6133, 5.0)","(0.6133, 0.6133, 5.0)",0.0,0,15,16,False
val,amos_0278,amos_0278.nii.gz,amos_0278.nii.gz,"(512, 512, 232)","(512, 512, 232)",True,"(0.6934, 0.6934, 2.0)","(0.6934, 0.6934, 2.0)",0.0,0,15,16,False
val,amos_0280,amos_0280.nii.gz,amos_0280.nii.gz,"(512, 512, 167)","(512, 512, 167)",True,"(0.6309, 0.6309, 2.5)","(0.6309, 0.6309, 2.5)",0.0,0,15,16,False
val,amos_0283,amos_0283.nii.gz,amos_0283.nii.gz,"(512, 512, 218)","(512, 512, 218)",True,"(0.627, 0.627, 2.0)","(0.627, 0.627, 2.0)",0.0,0,15,16,False
val,amos_0284,amos_0284.nii.gz,amos_0284.nii.gz,"(512, 512, 192)","(512, 512, 192)",True,"(0.6582, 0.6582, 2.0)","(0.6582, 0.6582, 2.0)",0.0,0,15,16,False
val,amos_0286,amos_0286.nii.gz,amos_0286.nii.gz,"(512, 512, 231)","(512, 512, 231)",True,"(0.7031, 0.7031, 2.0)","(0.7031, 0.7031, 2.0)",0.0,0,15,16,False
val,amos_0287,amos_0287.nii.gz,amos_0287.nii.gz,"(512, 512, 353)","(512, 512, 353)",True,"(0.9766, 0.9766, 1.25)","(0.9766, 0.9766, 1.25)",0.0,0,15,16,False
val,amos_0289,amos_0289.nii.gz,amos_0289.nii.gz,"(512, 512, 219)","(512, 512, 219)",True,"(0.6934, 0.6934, 2.0)","(0.6934, 0.6934, 2.0)",0.0,0,15,16,False
val,amos_0290,amos_0290.nii.gz,amos_0290.nii.gz,"(512, 512, 207)","(512, 512, 207)",True,"(0.5898, 0.5898, 2.0)","(0.5898, 0.5898, 2.0)",0.0,0,15,16,False
val,amos_0292,amos_0292.nii.gz,amos_0292.nii.gz,"(512, 512, 87)","(512, 512, 87)",True,"(0.6934, 0.6934, 5.0)","(0.6934, 0.6934, 5.0)",0.0,0,15,16,False
val,amos_0293,amos_0293.nii.gz,amos_0293.nii.gz,"(512, 512, 252)","(512, 512, 252)",True,"(0.668, 0.668, 2.0)","(0.668, 0.668, 2.0)",0.0,0,15,16,False
val,amos_0304,amos_0304.nii.gz,amos_0304.nii.gz,"(512, 512, 175)","(512, 512, 175)",True,"(0.6445, 0.6445, 2.0)","(0.6445, 0.6445, 2.0)",0.0,0,15,16,False
val,amos_0308,amos_0308.nii.gz,amos_0308.nii.gz,"(512, 512, 84)","(512, 512, 84)",True,"(0.6289, 0.6289, 5.0)","(0.6289, 0.6289, 5.0)",0.0,0,15,16,False
val,amos_0309,amos_0309.nii.gz,amos_0309.nii.gz,"(512, 512, 235)","(512, 512, 235)",True,"(0.707, 0.707, 2.0)","(0.707, 0.707, 2.0)",0.0,0,15,16,False
val,amos_0310,amos_0310.nii.gz,amos_0310.nii.gz,"(512, 512, 280)","(512, 512, 280)",True,"(0.668, 0.668, 2.0)","(0.668, 0.668, 2.0)",0.0,0,15,16,False
val,amos_0311,amos_0311.nii.gz,amos_0311.nii.gz,"(512, 512, 198)","(512, 512, 198)",True,"(0.5918, 0.5918, 2.0)","(0.5918, 0.5918, 2.0)",0.0,0,15,15,False
val,amos_0313,amos_0313.nii.gz,amos_0313.nii.gz,"(512, 512, 230)","(512, 512, 230)",True,"(0.7246, 0.7246, 2.0)","(0.7246, 0.7246, 2.0)",0.0,0,15,15,False
val,amos_0316,amos_0316.nii.gz,amos_0316.nii.gz,"(512, 512, 225)","(512, 512, 225)",True,"(0.7441, 0.7441, 2.0)","(0.7441, 0.7441, 2.0)",0.0,0,15,16,False
val,amos_0318,amos_0318.nii.gz,amos_0318.nii.gz,"(512, 512, 89)","(512, 512, 89)",True,"(0.6484, 0.6484, 5.0)","(0.6484, 0.6484, 5.0)",0.0,0,15,16,False
val,amos_0323,amos_0323.nii.gz,amos_0323.nii.gz,"(512, 512, 221)","(512, 512, 221)",True,"(0.6855, 0.6855, 2.0)","(0.6855, 0.6855, 2.0)",0.0,0,15,15,False
val,amos_0325,amos_0325.nii.gz,amos_0325.nii.gz,"(512, 512, 207)","(512, 512, 207)",True,"(0.7715, 0.7715, 2.0)","(0.7715, 0.7715, 2.0)",0.0,0,15,16,False
val,amos_0326,amos_0326.nii.gz,amos_0326.nii.gz,"(512, 512, 116)","(512, 512, 116)",True,"(0.5859, 0.5859, 5.0)","(0.5859, 0.5859, 5.0)",0.0,0,15,16,False
val,amos_0328,amos_0328.nii.gz,amos_0328.nii.gz,"(512, 512, 128)","(512, 512, 128)",True,"(0.6797, 0.6797, 5.0)","(0.6797, 0.6797, 5.0)",0.0,0,15,16,False
val,amos_0333,amos_0333.nii.gz,amos_0333.nii.gz,"(512, 512, 204)","(512, 512, 204)",True,"(0.6992, 0.6992, 2.0)","(0.6992, 0.6992, 2.0)",0.0,0,15,16,False
val,amos_0334,amos_0334.nii.gz,amos_0334.nii.gz,"(512, 512, 118)","(512, 512, 118)",True,"(0.5449, 0.5449, 5.0)","(0.5449, 0.5449, 5.0)",0.0,0,15,16,False
val,amos_0339,amos_0339.nii.gz,amos_0339.nii.gz,"(512, 512, 218)","(512, 512, 218)",True,"(0.584, 0.584, 2.0)","(0.584, 0.584, 2.0)",0.0,0,15,16,False
val,amos_0342,amos_0342.nii.gz,amos_0342.nii.gz,"(512, 512, 122)","(512, 512, 122)",True,"(0.6152, 0.6152, 5.0)","(0.6152, 0.6152, 5.0)",0.0,0,15,16,False
val,amos_0344,amos_0344.nii.gz,amos_0344.nii.gz,"(512, 512, 279)","(512, 512, 279)",True,"(0.5859, 0.5859, 2.0)","(0.5859, 0.5859, 2.0)",0.0,0,15,16,False
val,amos_0346,amos_0346.nii.gz,amos_0346.nii.gz,"(512, 512, 78)","(512, 512, 78)",True,"(0.6211, 0.6211, 5.0)","(0.6211, 0.6211, 5.0)",0.0,0,15,16,False
val,amos_0352,amos_0352.nii.gz,amos_0352.nii.gz,"(512, 512, 88)","(512, 512, 88)",True,"(0.6953, 0.6953, 5.0)","(0.6953, 0.6953, 5.0)",0.0,0,15,16,False
val,amos_0356,amos_0356.nii.gz,amos_0356.nii.gz,"(512, 512, 143)","(512, 512, 143)",True,"(0.7031, 0.7031, 2.5)","(0.7031, 0.7031, 2.5)",0.0,0,15,15,False
val,amos_0357,amos_0357.nii.gz,amos_0357.nii.gz,"(512, 512, 306)","(512, 512, 306)",True,"(0.6191, 0.6191, 2.0)","(0.6191, 0.6191, 2.0)",0.0,0,15,16,False
val,amos_0363,amos_0363.nii.gz,amos_0363.nii.gz,"(768, 768, 79)","(768, 768, 79)",True,"(0.5078, 0.5078, 5.0)","(0.5078, 0.5078, 5.0)",0.0,0,15,16,False
val,amos_0364,amos_0364.nii.gz,amos_0364.nii.gz,"(768, 768, 100)","(768, 768, 100)",True,"(0.4805, 0.4805, 5.0)","(0.4805, 0.4805, 5.0)",0.0,0,15,4,False
val,amos_0365,amos_0365.nii.gz,amos_0365.nii.gz,"(768, 768, 96)","(768, 768, 96)",True,"(0.6016, 0.6016, 5.0)","(0.6016, 0.6016, 5.0)",0.0,0,15,16,False
val,amos_0368,amos_0368.nii.gz,amos_0368.nii.gz,"(768, 768, 79)","(768, 768, 79)",True,"(0.5664, 0.5664, 5.0)","(0.5664, 0.5664, 5.0)",0.0,0,15,16,False
val,amos_0372,amos_0372.nii.gz,amos_0372.nii.gz,"(768, 768, 97)","(768, 768, 97)",True,"(0.5807, 0.5807, 5.0)","(0.5807, 0.5807, 5.0)",0.0,0,15,16,False
val,amos_0373,amos_0373.nii.gz,amos_0373.nii.gz,"(768, 768, 93)","(768, 768, 93)",True,"(0.6159, 0.6159, 5.0)","(0.6159, 0.6159, 5.0)",0.0,0,15,16,False
val,amos_0377,amos_0377.nii.gz,amos_0377.nii.gz,"(768, 768, 92)","(768, 768, 92)",True,"(0.4479, 0.4479, 5.0)","(0.4479, 0.4479, 5.0)",0.0,0,15,16,False
val,amos_0385,amos_0385.nii.gz,amos_0385.nii.gz,"(768, 768, 89)","(768, 768, 89)",True,"(0.6497, 0.6497, 5.0)","(0.6497, 0.6497, 5.0)",0.0,0,15,16,False
val,amos_0397,amos_0397.nii.gz,amos_0397.nii.gz,"(768, 768, 81)","(768, 768, 81)",True,"(0.5117, 0.5117, 5.0)","(0.5117, 0.5117, 5.0)",0.0,0,15,16,False
val,amos_0399,amos_0399.nii.gz,amos_0399.nii.gz,"(768, 768, 89)","(768, 768, 89)",True,"(0.4753, 0.4753, 5.0)","(0.4753, 0.4753, 5.0)",0.0,0,15,16,False
val,amos_0409,amos_0409.nii.gz,amos_0409.nii.gz,"(768, 768, 83)","(768, 768, 83)",True,"(0.6094, 0.6094, 5.0)","(0.6094, 0.6094, 5.0)",0.0,0,15,16,False
val,amos_0544,amos_0544.nii.gz,amos_0544.nii.gz,"(576, 468, 72)","(576, 468, 72)",True,"(0.6944, 0.6944, 3.0)","(0.6944, 0.6944, 3.0)",0.0,0,13,14,False
val,amos_0545,amos_0545.nii.gz,amos_0545.nii.gz,"(260, 144, 320)","(260, 144, 320)",True,"(1.4063, 1.5, 1.4063)","(1.4063, 1.5, 1.4063)",0.0,0,13,14,False
val,amos_0546,amos_0546.nii.gz,amos_0546.nii.gz,"(576, 468, 72)","(576, 468, 72)",True,"(0.6944, 0.6944, 3.0)","(0.6944, 0.6944, 3.0)",0.0,0,13,14,False
val,amos_0547,amos_0547.nii.gz,amos_0547.nii.gz,"(320, 260, 72)","(320, 260, 72)",True,"(1.1875, 1.1875, 3.0)","(1.1875, 1.1875, 3.0)",0.0,0,13,14,False
val,amos_0549,amos_0549.nii.gz,amos_0549.nii.gz,"(320, 60, 320)","(320, 60, 320)",True,"(1.1875, 3.0, 1.1875)","(1.1875, 3.0, 1.1875)",0.0,0,13,14,False
val,amos_0550,amos_0550.nii.gz,amos_0550.nii.gz,"(576, 468, 72)","(576, 468, 72)",True,"(0.6944, 0.6944, 3.0)","(0.6944, 0.6944, 3.0)",0.0,0,13,14,False
val,amos_0552,amos_0552.nii.gz,amos_0552.nii.gz,"(320, 260, 72)","(320, 260, 72)",True,"(1.1875, 1.1875, 3.0)","(1.1875, 1.1875, 3.0)",0.0,0,13,14,False
val,amos_0553,amos_0553.nii.gz,amos_0553.nii.gz,"(260, 144, 320)","(260, 144, 320)",True,"(1.4063, 1.5, 1.4063)","(1.4063, 1.5, 1.4063)",0.0,0,13,14,False
val,amos_0556,amos_0556.nii.gz,amos_0556.nii.gz,"(288, 232, 72)","(288, 232, 72)",True,"(1.3889, 1.3889, 3.0)","(1.3889, 1.3889, 3.0)",0.0,0,13,14,False
val,amos_0559,amos_0559.nii.gz,amos_0559.nii.gz,"(320, 60, 320)","(320, 60, 320)",True,"(1.1875, 3.0, 1.1875)","(1.1875, 3.0, 1.1875)",0.0,0,13,14,False
val,amos_0561,amos_0561.nii.gz,amos_0561.nii.gz,"(576, 468, 72)","(576, 468, 72)",True,"(0.6944, 0.6944, 3.0)","(0.6944, 0.6944, 3.0)",0.0,0,13,14,False
val,amos_0562,amos_0562.nii.gz,amos_0562.nii.gz,"(320, 60, 320)","(320, 60, 320)",True,"(1.1875, 3.0, 1.1875)","(1.1875, 3.0, 1.1875)",0.0,0,13,14,False
val,amos_0563,amos_0563.nii.gz,amos_0563.nii.gz,"(576, 468, 72)","(576, 468, 72)",True,"(0.6944, 0.6944, 3.0)","(0.6944, 0.6944, 3.0)",0.0,0,13,14,False
val,amos_0568,amos_0568.nii.gz,amos_0568.nii.gz,"(576, 468, 72)","(576, 468, 72)",True,"(0.6944, 0.6944, 3.0)","(0.6944, 0.6944, 3.0)",0.0,0,13,14,False
val,amos_0572,amos_0572.nii.gz,amos_0572.nii.gz,"(576, 468, 72)","(576, 468, 72)",True,"(0.6944, 0.6944, 3.0)","(0.6944, 0.6944, 3.0)",0.0,0,13,13,False
val,amos_0573,amos_0573.nii.gz,amos_0573.nii.gz,"(320, 260, 72)","(320, 260, 72)",True,"(1.1875, 1.1875, 3.0)","(1.1875, 1.1875, 3.0)",0.0,0,13,14,False
val,amos_0575,amos_0575.nii.gz,amos_0575.nii.gz,"(260, 144, 320)","(260, 144, 320)",True,"(1.4063, 1.5, 1.4063)","(1.4063, 1.5, 1.4063)",0.0,0,13,14,False
val,amos_0576,amos_0576.nii.gz,amos_0576.nii.gz,"(320, 260, 72)","(320, 260, 72)",True,"(1.1875, 1.1875, 3.0)","(1.1875, 1.1875, 3.0)",0.0,0,13,14,False
val,amos_0581,amos_0581.nii.gz,amos_0581.nii.gz,"(576, 468, 72)","(576, 468, 72)",True,"(0.6944, 0.6944, 3.0)","(0.6944, 0.6944, 3.0)",0.0,0,13,14,False
val,amos_0598,amos_0598.nii.gz,amos_0598.nii.gz,"(260, 144, 320)","(260, 144, 320)",True,"(1.4063, 1.5, 1.4063)","(1.4063, 1.5, 1.4063)",0.0,0,13,14,False
test_no_labels,amos_0002,amos_0002.nii.gz,,"(512, 512, 90)",,,"(0.782, 0.782, 5.0)",,,,,,
test_no_labels,amos_0003,amos_0003.nii.gz,,"(512, 512, 90)",,,"(0.82, 0.82, 5.0)",,,,,,
test_no_labels,amos_0012,amos_0012.nii.gz,,"(512, 512, 97)",,,"(0.782, 0.782, 5.0)",,,,,,
test_no_labels,amos_0020,amos_0020.nii.gz,,"(512, 512, 82)",,,"(0.816, 0.816, 5.0)",,,,,,
test_no_labels,amos_0026,amos_0026.nii.gz,,"(512, 512, 136)",,,"(0.9, 0.9, 5.0)",,,,,,
test_no_labels,amos_0028,amos_0028.nii.gz,,"(512, 512, 99)",,,"(1.064, 1.064, 5.0)",,,,,,
test_no_labels,amos_0031,amos_0031.nii.gz,,"(512, 512, 115)",,,"(0.854, 0.854, 5.0)",,,,,,
test_no_labels,amos_0037,amos_0037.nii.gz,,"(768, 768, 94)",,,"(0.5898, 0.5898, 5.0)",,,,,,
test_no_labels,amos_0039,amos_0039.nii.gz,,"(768, 768, 96)",,,"(0.5794, 0.5794, 5.0)",,,,,,
test_no_labels,amos_0046,amos_0046.nii.gz,,"(768, 768, 89)",,,"(0.5951, 0.5951, 5.0)",,,,,,
test_no_labels,amos_0053,amos_0053.nii.gz,,"(768, 768, 95)",,,"(0.6497, 0.6497, 5.0)",,,,,,
test_no_labels,amos_0055,amos_0055.nii.gz,,"(512, 512, 112)",,,"(0.915, 0.915, 5.0)",,,,,,
test_no_labels,amos_0062,amos_0062.nii.gz,,"(512, 512, 85)",,,"(0.782, 0.782, 5.0)",,,,,,
test_no_labels,amos_0065,amos_0065.nii.gz,,"(512, 512, 82)",,,"(0.782, 0.782, 5.0)",,,,,,
test_no_labels,amos_0068,amos_0068.nii.gz,,"(512, 512, 92)",,,"(0.644, 0.644, 5.0)",,,,,,
test_no_labels,amos_0074,amos_0074.nii.gz,,"(768, 768, 99)",,,"(0.513, 0.513, 5.0)",,,,,,
test_no_labels,amos_0080,amos_0080.nii.gz,,"(768, 768, 93)",,,"(0.5469, 0.5469, 5.0)",,,,,,
test_no_labels,amos_0082,amos_0082.nii.gz,,"(768, 768, 88)",,,"(0.5807, 0.5807, 5.0)",,,,,,
test_no_labels,amos_0091,amos_0091.nii.gz,,"(512, 512, 85)",,,"(0.782, 0.782, 5.0)",,,,,,
test_no_labels,amos_0093,amos_0093.nii.gz,,"(512, 512, 98)",,,"(0.8906, 0.8906, 5.0)",,,,,,
test_no_labels,amos_0095,amos_0095.nii.gz,,"(512, 512, 88)",,,"(0.793, 0.793, 5.0)",,,,,,
test_no_labels,amos_0096,amos_0096.nii.gz,,"(512, 512, 109)",,,"(0.85, 0.85, 5.0)",,,,,,
test_no_labels,amos_0100,amos_0100.nii.gz,,"(512, 512, 135)",,,"(0.846, 0.846, 5.0)",,,,,,
test_no_labels,amos_0101,amos_0101.nii.gz,,"(768, 768, 90)",,,"(0.5964, 0.5964, 5.0)",,,,,,
test_no_labels,amos_0107,amos_0107.nii.gz,,"(512, 512, 94)",,,"(0.782, 0.782, 5.0)",,,,,,
test_no_labels,amos_0114,amos_0114.nii.gz,,"(512, 512, 111)",,,"(0.782, 0.782, 5.0)",,,,,,
test_no_labels,amos_0122,amos_0122.nii.gz,,"(512, 512, 78)",,,"(0.782, 0.782, 5.0)",,,,,,
test_no_labels,amos_0130,amos_0130.nii.gz,,"(768, 768, 89)",,,"(0.5859, 0.5859, 5.0)",,,,,,
test_no_labels,amos_0139,amos_0139.nii.gz,,"(768, 768, 78)",,,"(0.5169, 0.5169, 5.0)",,,,,,
test_no_labels,amos_0145,amos_0145.nii.gz,,"(768, 768, 93)",,,"(0.569, 0.569, 5.0)",,,,,,
test_no_labels,amos_0146,amos_0146.nii.gz,,"(512, 512, 95)",,,"(0.782, 0.782, 5.0)",,,,,,
test_no_labels,amos_0148,amos_0148.nii.gz,,"(512, 512, 99)",,,"(0.846, 0.846, 5.0)",,,,,,
test_no_labels,amos_0151,amos_0151.nii.gz,,"(768, 768, 85)",,,"(0.5234, 0.5234, 5.0)",,,,,,
test_no_labels,amos_0163,amos_0163.nii.gz,,"(768, 768, 92)",,,"(0.6263, 0.6263, 5.0)",,,,,,
test_no_labels,amos_0164,amos_0164.nii.gz,,"(512, 512, 86)",,,"(0.9, 0.9, 5.0)",,,,,,
test_no_labels,amos_0165,amos_0165.nii.gz,,"(768, 768, 84)",,,"(0.6367, 0.6367, 5.0)",,,,,,
test_no_labels,amos_0168,amos_0168.nii.gz,,"(512, 512, 87)",,,"(0.782, 0.782, 5.0)",,,,,,
test_no_labels,amos_0169,amos_0169.nii.gz,,"(512, 512, 119)",,,"(0.789, 0.789, 5.0)",,,,,,
test_no_labels,amos_0178,amos_0178.nii.gz,,"(512, 512, 125)",,,"(0.75, 0.75, 5.0)",,,,,,
test_no_labels,amos_0182,amos_0182.nii.gz,,"(512, 512, 140)",,,"(0.907, 0.907, 5.0)",,,,,,
test_no_labels,amos_0183,amos_0183.nii.gz,,"(768, 768, 92)",,,"(0.5651, 0.5651, 5.0)",,,,,,
test_no_labels,amos_0187,amos_0187.nii.gz,,"(512, 512, 83)",,,"(0.782, 0.782, 5.0)",,,,,,
test_no_labels,amos_0201,amos_0201.nii.gz,,"(512, 512, 183)",,,"(0.7773, 0.7773, 2.5)",,,,,,
test_no_labels,amos_0205,amos_0205.nii.gz,,"(512, 512, 101)",,,"(0.7617, 0.7617, 5.0)",,,,,,
test_no_labels,amos_0209,amos_0209.nii.gz,,"(512, 512, 196)",,,"(0.627, 0.627, 2.0)",,,,,,
test_no_labels,amos_0210,amos_0210.nii.gz,,"(512, 512, 90)",,,"(0.6738, 0.6738, 5.0)",,,,,,
test_no_labels,amos_0211,amos_0211.nii.gz,,"(512, 512, 218)",,,"(0.6738, 0.6738, 2.0)",,,,,,
test_no_labels,amos_0213,amos_0213.nii.gz,,"(512, 512, 191)",,,"(0.7754, 0.7754, 2.5)",,,,,,
test_no_labels,amos_0220,amos_0220.nii.gz,,"(512, 512, 208)",,,"(0.6836, 0.6836, 2.0)",,,,,,
test_no_labels,amos_0221,amos_0221.nii.gz,,"(512, 512, 285)",,,"(0.6113, 0.6113, 2.0)",,,,,,
test_no_labels,amos_0222,amos_0222.nii.gz,,"(512, 512, 121)",,,"(0.6797, 0.6797, 5.0)",,,,,,
test_no_labels,amos_0227,amos_0227.nii.gz,,"(512, 512, 165)",,,"(0.5977, 0.5977, 2.0)",,,,,,
test_no_labels,amos_0229,amos_0229.nii.gz,,"(512, 512, 97)",,,"(0.6895, 0.6895, 5.0)",,,,,,
test_no_labels,amos_0232,amos_0232.nii.gz,,"(512, 512, 232)",,,"(0.6133, 0.6133, 2.0)",,,,,,
test_no_labels,amos_0234,amos_0234.nii.gz,,"(512, 512, 100)",,,"(0.7988, 0.7988, 5.0)",,,,,,
test_no_labels,amos_0236,amos_0236.nii.gz,,"(512, 512, 361)",,,"(0.7031, 0.7031, 1.25)",,,,,,
test_no_labels,amos_0240,amos_0240.nii.gz,,"(512, 512, 163)",,,"(0.7031, 0.7031, 2.5)",,,,,,
test_no_labels,amos_0241,amos_0241.nii.gz,,"(512, 512, 92)",,,"(0.6309, 0.6309, 5.0)",,,,,,
test_no_labels,amos_0243,amos_0243.nii.gz,,"(512, 512, 89)",,,"(0.7637, 0.7637, 5.0)",,,,,,
test_no_labels,amos_0246,amos_0246.nii.gz,,"(512, 512, 76)",,,"(0.6094, 0.6094, 5.0)",,,,,,
test_no_labels,amos_0251,amos_0251.nii.gz,,"(512, 512, 221)",,,"(0.6113, 0.6113, 2.0)",,,,,,
test_no_labels,amos_0252,amos_0252.nii.gz,,"(512, 512, 196)",,,"(0.5645, 0.5645, 2.0)",,,,,,
test_no_labels,amos_0253,amos_0253.nii.gz,,"(512, 512, 87)",,,"(0.6953, 0.6953, 5.0)",,,,,,
test_no_labels,amos_0256,amos_0256.nii.gz,,"(512, 512, 79)",,,"(0.668, 0.668, 5.0)",,,,,,
test_no_labels,amos_0260,amos_0260.nii.gz,,"(512, 512, 215)",,,"(0.6992, 0.6992, 2.0)",,,,,,
test_no_labels,amos_0261,amos_0261.nii.gz,,"(512, 512, 357)",,,"(0.7031, 0.7031, 1.25)",,,,,,
test_no_labels,amos_0262,amos_0262.nii.gz,,"(512, 512, 195)",,,"(0.5977, 0.5977, 2.0)",,,,,,
test_no_labels,amos_0265,amos_0265.nii.gz,,"(512, 512, 79)",,,"(0.7734, 0.7734, 5.0)",,,,,,
test_no_labels,amos_0266,amos_0266.nii.gz,,"(512, 512, 186)",,,"(0.5664, 0.5664, 2.0)",,,,,,
test_no_labels,amos_0267,amos_0267.nii.gz,,"(512, 512, 218)",,,"(0.7012, 0.7012, 2.0)",,,,,,
test_no_labels,amos_0269,amos_0269.nii.gz,,"(512, 512, 96)",,,"(0.7012, 0.7012, 5.0)",,,,,,
test_no_labels,amos_0270,amos_0270.nii.gz,,"(512, 512, 187)",,,"(0.7559, 0.7559, 2.5)",,,,,,
test_no_labels,amos_0271,amos_0271.nii.gz,,"(512, 512, 215)",,,"(0.7031, 0.7031, 2.5)",,,,,,
test_no_labels,amos_0275,amos_0275.nii.gz,,"(512, 512, 314)",,,"(0.6445, 0.6445, 2.0)",,,,,,
test_no_labels,amos_0277,amos_0277.nii.gz,,"(512, 512, 287)",,,"(0.6406, 0.6406, 2.0)",,,,,,
test_no_labels,amos_0285,amos_0285.nii.gz,,"(512, 512, 83)",,,"(0.6484, 0.6484, 5.0)",,,,,,
test_no_labels,amos_0291,amos_0291.nii.gz,,"(512, 512, 192)",,,"(0.5781, 0.5781, 2.0)",,,,,,
test_no_labels,amos_0295,amos_0295.nii.gz,,"(512, 512, 155)",,,"(0.7031, 0.7031, 2.5)",,,,,,
test_no_labels,amos_0298,amos_0298.nii.gz,,"(512, 512, 96)",,,"(0.7285, 0.7285, 5.0)",,,,,,
test_no_labels,amos_0300,amos_0300.nii.gz,,"(512, 512, 297)",,,"(0.6289, 0.6289, 2.0)",,,,,,
test_no_labels,amos_0303,amos_0303.nii.gz,,"(512, 512, 353)",,,"(0.7617, 0.7617, 1.25)",,,,,,
test_no_labels,amos_0305,amos_0305.nii.gz,,"(512, 512, 94)",,,"(0.7402, 0.7402, 5.0)",,,,,,
test_no_labels,amos_0306,amos_0306.nii.gz,,"(512, 512, 126)",,,"(0.7188, 0.7188, 5.0)",,,,,,
test_no_labels,amos_0312,amos_0312.nii.gz,,"(512, 512, 85)",,,"(0.7031, 0.7031, 5.0)",,,,,,
test_no_labels,amos_0314,amos_0314.nii.gz,,"(512, 512, 272)",,,"(0.627, 0.627, 2.0)",,,,,,
test_no_labels,amos_0315,amos_0315.nii.gz,,"(512, 512, 303)",,,"(0.6309, 0.6309, 2.0)",,,,,,
test_no_labels,amos_0319,amos_0319.nii.gz,,"(512, 512, 365)",,,"(0.7031, 0.7031, 1.25)",,,,,,
test_no_labels,amos_0322,amos_0322.nii.gz,,"(512, 512, 210)",,,"(0.6855, 0.6855, 2.0)",,,,,,
test_no_labels,amos_0324,amos_0324.nii.gz,,"(512, 512, 113)",,,"(0.625, 0.625, 5.0)",,,,,,
test_no_labels,amos_0327,amos_0327.nii.gz,,"(512, 512, 79)",,,"(0.6836, 0.6836, 5.0)",,,,,,
test_no_labels,amos_0329,amos_0329.nii.gz,,"(512, 512, 323)",,,"(0.6641, 0.6641, 2.0)",,,,,,
test_no_labels,amos_0331,amos_0331.nii.gz,,"(512, 512, 216)",,,"(0.6777, 0.6777, 2.0)",,,,,,
test_no_labels,amos_0335,amos_0335.nii.gz,,"(512, 512, 215)",,,"(0.6172, 0.6172, 2.0)",,,,,,
test_no_labels,amos_0338,amos_0338.nii.gz,,"(512, 512, 100)",,,"(0.8281, 0.8281, 5.0)",,,,,,
test_no_labels,amos_0340,amos_0340.nii.gz,,"(512, 512, 103)",,,"(0.7266, 0.7266, 5.0)",,,,,,
test_no_labels,amos_0343,amos_0343.nii.gz,,"(512, 512, 83)",,,"(0.5957, 0.5957, 5.0)",,,,,,
test_no_labels,amos_0345,amos_0345.nii.gz,,"(512, 512, 93)",,,"(0.6172, 0.6172, 5.0)",,,,,,
test_no_labels,amos_0347,amos_0347.nii.gz,,"(512, 512, 284)",,,"(0.6309, 0.6309, 2.0)",,,,,,
test_no_labels,amos_0354,amos_0354.nii.gz,,"(512, 512, 211)",,,"(0.5938, 0.5938, 2.0)",,,,,,
test_no_labels,amos_0355,amos_0355.nii.gz,,"(512, 512, 311)",,,"(0.6172, 0.6172, 2.0)",,,,,,
test_no_labels,amos_0359,amos_0359.nii.gz,,"(512, 512, 285)",,,"(0.5664, 0.5664, 2.0)",,,,,,
test_no_labels,amos_0360,amos_0360.nii.gz,,"(512, 512, 311)",,,"(0.5879, 0.5879, 2.0)",,,,,,
test_no_labels,amos_0369,amos_0369.nii.gz,,"(768, 768, 74)",,,"(0.5065, 0.5065, 5.0)",,,,,,
test_no_labels,amos_0375,amos_0375.nii.gz,,"(768, 768, 82)",,,"(0.6497, 0.6497, 5.0)",,,,,,
test_no_labels,amos_0382,amos_0382.nii.gz,,"(768, 768, 94)",,,"(0.5156, 0.5156, 5.0)",,,,,,
test_no_labels,amos_0386,amos_0386.nii.gz,,"(768, 768, 87)",,,"(0.6393, 0.6393, 5.0)",,,,,,
test_no_labels,amos_0389,amos_0389.nii.gz,,"(768, 768, 98)",,,"(0.5508, 0.5508, 5.0)",,,,,,
test_no_labels,amos_0393,amos_0393.nii.gz,,"(768, 768, 109)",,,"(0.5755, 0.5755, 5.0)",,,,,,
test_no_labels,amos_0394,amos_0394.nii.gz,,"(768, 768, 90)",,,"(0.5781, 0.5781, 5.0)",,,,,,
test_no_labels,amos_0407,amos_0407.nii.gz,,"(768, 768, 88)",,,"(0.5312, 0.5312, 5.0)",,,,,,
test_no_labels,amos_0411,amos_0411.nii.gz,,"(512, 512, 222)",,,"(0.668, 0.668, 2.0)",,,,,,
test_no_labels,amos_0412,amos_0412.nii.gz,,"(512, 512, 209)",,,"(0.625, 0.625, 2.0)",,,,,,
test_no_labels,amos_0413,amos_0413.nii.gz,,"(512, 512, 309)",,,"(0.668, 0.668, 2.0)",,,,,,
test_no_labels,amos_0414,amos_0414.nii.gz,,"(512, 512, 189)",,,"(0.584, 0.584, 2.0)",,,,,,
test_no_labels,amos_0415,amos_0415.nii.gz,,"(512, 512, 297)",,,"(0.6328, 0.6328, 1.25)",,,,,,
test_no_labels,amos_0416,amos_0416.nii.gz,,"(512, 512, 78)",,,"(0.5957, 0.5957, 5.0)",,,,,,
test_no_labels,amos_0417,amos_0417.nii.gz,,"(512, 512, 247)",,,"(0.6797, 0.6797, 2.0)",,,,,,
test_no_labels,amos_0418,amos_0418.nii.gz,,"(512, 512, 218)",,,"(0.6895, 0.6895, 2.0)",,,,,,
test_no_labels,amos_0419,amos_0419.nii.gz,,"(512, 512, 220)",,,"(0.627, 0.627, 2.0)",,,,,,
test_no_labels,amos_0420,amos_0420.nii.gz,,"(512, 512, 204)",,,"(0.5664, 0.5664, 2.0)",,,,,,
test_no_labels,amos_0421,amos_0421.nii.gz,,"(512, 512, 234)",,,"(0.6113, 0.6113, 2.0)",,,,,,
test_no_labels,amos_0422,amos_0422.nii.gz,,"(512, 512, 365)",,,"(0.7539, 0.7539, 1.25)",,,,,,
test_no_labels,amos_0423,amos_0423.nii.gz,,"(512, 512, 81)",,,"(0.6133, 0.6133, 5.0)",,,,,,
test_no_labels,amos_0424,amos_0424.nii.gz,,"(512, 512, 224)",,,"(0.6562, 0.6562, 2.0)",,,,,,
test_no_labels,amos_0425,amos_0425.nii.gz,,"(512, 512, 230)",,,"(0.6328, 0.6328, 2.0)",,,,,,
test_no_labels,amos_0426,amos_0426.nii.gz,,"(512, 512, 349)",,,"(0.7227, 0.7227, 1.25)",,,,,,
test_no_labels,amos_0427,amos_0427.nii.gz,,"(512, 512, 203)",,,"(0.5996, 0.5996, 2.0)",,,,,,
test_no_labels,amos_0428,amos_0428.nii.gz,,"(512, 512, 81)",,,"(0.6699, 0.6699, 5.0)",,,,,,
test_no_labels,amos_0429,amos_0429.nii.gz,,"(512, 512, 223)",,,"(0.7051, 0.7051, 2.0)",,,,,,
test_no_labels,amos_0430,amos_0430.nii.gz,,"(512, 512, 203)",,,"(0.7031, 0.7031, 2.5)",,,,,,
test_no_labels,amos_0431,amos_0431.nii.gz,,"(512, 512, 225)",,,"(0.6113, 0.6113, 2.0)",,,,,,
test_no_labels,amos_0432,amos_0432.nii.gz,,"(512, 512, 231)",,,"(0.6426, 0.6426, 2.0)",,,,,,
test_no_labels,amos_0433,amos_0433.nii.gz,,"(512, 512, 193)",,,"(0.7188, 0.7188, 2.0)",,,,,,
test_no_labels,amos_0434,amos_0434.nii.gz,,"(512, 512, 89)",,,"(0.6641, 0.6641, 5.0)",,,,,,
test_no_labels,amos_0435,amos_0435.nii.gz,,"(512, 512, 221)",,,"(0.6562, 0.6562, 2.0)",,,,,,
test_no_labels,amos_0436,amos_0436.nii.gz,,"(512, 512, 79)",,,"(0.5742, 0.5742, 5.0)",,,,,,
test_no_labels,amos_0437,amos_0437.nii.gz,,"(512, 512, 80)",,,"(0.584, 0.584, 5.0)",,,,,,
test_no_labels,amos_0438,amos_0438.nii.gz,,"(512, 512, 215)",,,"(0.627, 0.627, 2.0)",,,,,,
test_no_labels,amos_0439,amos_0439.nii.gz,,"(512, 512, 211)",,,"(0.6094, 0.6094, 2.0)",,,,,,
test_no_labels,amos_0440,amos_0440.nii.gz,,"(512, 512, 361)",,,"(0.752, 0.752, 1.25)",,,,,,
test_no_labels,amos_0441,amos_0441.nii.gz,,"(512, 512, 300)",,,"(0.6582, 0.6582, 2.0)",,,,,,
test_no_labels,amos_0442,amos_0442.nii.gz,,"(512, 512, 81)",,,"(0.7207, 0.7207, 5.0)",,,,,,
test_no_labels,amos_0443,amos_0443.nii.gz,,"(512, 512, 177)",,,"(0.7109, 0.7109, 2.5)",,,,,,
test_no_labels,amos_0444,amos_0444.nii.gz,,"(512, 512, 129)",,,"(0.584, 0.584, 2.5)",,,,,,
test_no_labels,amos_0445,amos_0445.nii.gz,,"(512, 512, 197)",,,"(0.7051, 0.7051, 2.0)",,,,,,
test_no_labels,amos_0446,amos_0446.nii.gz,,"(512, 512, 239)",,,"(0.7305, 0.7305, 2.0)",,,,,,
test_no_labels,amos_0447,amos_0447.nii.gz,,"(512, 512, 217)",,,"(0.7773, 0.7773, 2.0)",,,,,,
test_no_labels,amos_0448,amos_0448.nii.gz,,"(512, 512, 184)",,,"(0.6074, 0.6074, 2.0)",,,,,,
test_no_labels,amos_0449,amos_0449.nii.gz,,"(512, 512, 192)",,,"(0.6836, 0.6836, 2.0)",,,,,,
test_no_labels,amos_0450,amos_0450.nii.gz,,"(512, 512, 369)",,,"(0.8008, 0.8008, 1.25)",,,,,,
test_no_labels,amos_0451,amos_0451.nii.gz,,"(512, 512, 194)",,,"(0.582, 0.582, 2.0)",,,,,,
test_no_labels,amos_0452,amos_0452.nii.gz,,"(512, 512, 313)",,,"(0.6035, 0.6035, 1.25)",,,,,,
test_no_labels,amos_0453,amos_0453.nii.gz,,"(512, 512, 135)",,,"(0.7129, 0.7129, 5.0)",,,,,,
test_no_labels,amos_0454,amos_0454.nii.gz,,"(512, 512, 67)",,,"(0.4844, 0.4844, 5.0)",,,,,,
test_no_labels,amos_0455,amos_0455.nii.gz,,"(512, 512, 203)",,,"(0.5684, 0.5684, 2.0)",,,,,,
test_no_labels,amos_0456,amos_0456.nii.gz,,"(512, 512, 179)",,,"(0.6289, 0.6289, 2.0)",,,,,,
test_no_labels,amos_0457,amos_0457.nii.gz,,"(512, 512, 343)",,,"(0.7031, 0.7031, 1.25)",,,,,,
test_no_labels,amos_0458,amos_0458.nii.gz,,"(512, 512, 213)",,,"(0.6543, 0.6543, 2.0)",,,,,,
test_no_labels,amos_0459,amos_0459.nii.gz,,"(512, 512, 201)",,,"(0.4961, 0.4961, 2.0)",,,,,,
test_no_labels,amos_0460,amos_0460.nii.gz,,"(512, 512, 191)",,,"(0.6094, 0.6094, 2.0)",,,,,,
test_no_labels,amos_0461,amos_0461.nii.gz,,"(512, 512, 218)",,,"(0.7012, 0.7012, 2.0)",,,,,,
test_no_labels,amos_0462,amos_0462.nii.gz,,"(512, 512, 288)",,,"(0.6328, 0.6328, 2.0)",,,,,,
test_no_labels,amos_0463,amos_0463.nii.gz,,"(512, 512, 209)",,,"(0.6035, 0.6035, 2.0)",,,,,,
test_no_labels,amos_0464,amos_0464.nii.gz,,"(512, 512, 321)",,,"(0.6016, 0.6016, 1.25)",,,,,,
test_no_labels,amos_0465,amos_0465.nii.gz,,"(512, 512, 225)",,,"(0.6348, 0.6348, 2.0)",,,,,,
test_no_labels,amos_0466,amos_0466.nii.gz,,"(512, 512, 315)",,,"(0.7129, 0.7129, 2.0)",,,,,,
test_no_labels,amos_0467,amos_0467.nii.gz,,"(512, 512, 223)",,,"(0.7324, 0.7324, 2.0)",,,,,,
test_no_labels,amos_0468,amos_0468.nii.gz,,"(512, 512, 87)",,,"(0.8066, 0.8066, 5.0)",,,,,,
test_no_labels,amos_0469,amos_0469.nii.gz,,"(512, 512, 93)",,,"(0.707, 0.707, 5.0)",,,,,,
test_no_labels,amos_0470,amos_0470.nii.gz,,"(512, 512, 240)",,,"(0.6602, 0.6602, 2.0)",,,,,,
test_no_labels,amos_0471,amos_0471.nii.gz,,"(512, 512, 276)",,,"(0.6172, 0.6172, 2.0)",,,,,,
test_no_labels,amos_0472,amos_0472.nii.gz,,"(512, 512, 127)",,,"(0.7031, 0.7031, 5.0)",,,,,,
test_no_labels,amos_0473,amos_0473.nii.gz,,"(512, 512, 299)",,,"(0.6602, 0.6602, 2.0)",,,,,,
test_no_labels,amos_0474,amos_0474.nii.gz,,"(512, 512, 235)",,,"(0.7324, 0.7324, 2.0)",,,,,,
test_no_labels,amos_0475,amos_0475.nii.gz,,"(512, 512, 369)",,,"(0.627, 0.627, 1.25)",,,,,,
test_no_labels,amos_0476,amos_0476.nii.gz,,"(512, 512, 155)",,,"(0.7031, 0.7031, 2.5)",,,,,,
test_no_labels,amos_0477,amos_0477.nii.gz,,"(512, 512, 198)",,,"(0.6562, 0.6562, 2.0)",,,,,,
test_no_labels,amos_0478,amos_0478.nii.gz,,"(512, 512, 207)",,,"(0.6035, 0.6035, 2.0)",,,,,,
test_no_labels,amos_0479,amos_0479.nii.gz,,"(512, 512, 251)",,,"(0.8047, 0.8047, 2.0)",,,,,,
test_no_labels,amos_0480,amos_0480.nii.gz,,"(512, 512, 163)",,,"(0.7031, 0.7031, 2.5)",,,,,,
test_no_labels,amos_0481,amos_0481.nii.gz,,"(512, 512, 255)",,,"(0.6328, 0.6328, 2.0)",,,,,,
test_no_labels,amos_0482,amos_0482.nii.gz,,"(512, 512, 280)",,,"(0.6523, 0.6523, 2.0)",,,,,,
test_no_labels,amos_0483,amos_0483.nii.gz,,"(512, 512, 290)",,,"(0.7266, 0.7266, 2.0)",,,,,,
test_no_labels,amos_0484,amos_0484.nii.gz,,"(512, 512, 303)",,,"(0.6289, 0.6289, 2.0)",,,,,,
test_no_labels,amos_0485,amos_0485.nii.gz,,"(512, 512, 204)",,,"(0.6934, 0.6934, 2.0)",,,,,,
test_no_labels,amos_0486,amos_0486.nii.gz,,"(512, 512, 82)",,,"(0.6543, 0.6543, 5.0)",,,,,,
test_no_labels,amos_0487,amos_0487.nii.gz,,"(512, 512, 216)",,,"(0.7109, 0.7109, 2.0)",,,,,,
test_no_labels,amos_0488,amos_0488.nii.gz,,"(512, 512, 235)",,,"(0.7637, 0.7637, 2.0)",,,,,,
test_no_labels,amos_0489,amos_0489.nii.gz,,"(512, 512, 296)",,,"(0.6836, 0.6836, 2.0)",,,,,,
test_no_labels,amos_0490,amos_0490.nii.gz,,"(512, 512, 80)",,,"(0.7031, 0.7031, 5.0)",,,,,,
test_no_labels,amos_0491,amos_0491.nii.gz,,"(512, 512, 77)",,,"(0.7031, 0.7031, 5.0)",,,,,,
test_no_labels,amos_0492,amos_0492.nii.gz,,"(512, 512, 242)",,,"(0.7324, 0.7324, 2.0)",,,,,,
test_no_labels,amos_0493,amos_0493.nii.gz,,"(512, 512, 204)",,,"(0.6602, 0.6602, 2.0)",,,,,,
test_no_labels,amos_0494,amos_0494.nii.gz,,"(512, 512, 225)",,,"(0.6934, 0.6934, 2.0)",,,,,,
test_no_labels,amos_0495,amos_0495.nii.gz,,"(512, 512, 217)",,,"(0.6445, 0.6445, 2.0)",,,,,,
test_no_labels,amos_0496,amos_0496.nii.gz,,"(512, 512, 189)",,,"(0.6055, 0.6055, 2.0)",,,,,,
test_no_labels,amos_0497,amos_0497.nii.gz,,"(512, 512, 94)",,,"(0.7012, 0.7012, 5.0)",,,,,,
test_no_labels,amos_0498,amos_0498.nii.gz,,"(512, 512, 328)",,,"(0.627, 0.627, 2.0)",,,,,,
test_no_labels,amos_0499,amos_0499.nii.gz,,"(512, 512, 223)",,,"(0.584, 0.584, 2.0)",,,,,,
test_no_labels,amos_0500,amos_0500.nii.gz,,"(512, 512, 246)",,,"(0.6758, 0.6758, 2.0)",,,,,,
test_no_labels,amos_0501,amos_0501.nii.gz,,"(1024, 1024, 48)",,,"(0.3906, 0.3906, 5.0)",,,,,,
test_no_labels,amos_0502,amos_0502.nii.gz,,"(1024, 1024, 40)",,,"(0.3662, 0.3662, 5.7959)",,,,,,
test_no_labels,amos_0503,amos_0503.nii.gz,,"(576, 95, 576)",,,"(0.8681, 2.0, 0.8681)",,,,,,
test_no_labels,amos_0504,amos_0504.nii.gz,,"(384, 95, 384)",,,"(0.9896, 1.75, 0.9896)",,,,,,
test_no_labels,amos_0505,amos_0505.nii.gz,,"(480, 80, 480)",,,"(0.9375, 2.0, 0.9375)",,,,,,
test_no_labels,amos_0506,amos_0506.nii.gz,,"(480, 80, 480)",,,"(0.9375, 2.0, 0.9375)",,,,,,
test_no_labels,amos_0509,amos_0509.nii.gz,,"(400, 400, 115)",,,"(1.0, 1.0, 2.0)",,,,,,
test_no_labels,amos_0511,amos_0511.nii.gz,,"(432, 80, 432)",,,"(0.9259, 3.0, 0.9259)",,,,,,
test_no_labels,amos_0512,amos_0512.nii.gz,,"(336, 336, 85)",,,"(1.1161, 1.1161, 3.0)",,,,,,
test_no_labels,amos_0513,amos_0513.nii.gz,,"(1024, 1024, 70)",,,"(0.3906, 0.3906, 2.5)",,,,,,
test_no_labels,amos_0515,amos_0515.nii.gz,,"(260, 104, 320)",,,"(1.4063, 1.5, 1.4063)",,,,,,
test_no_labels,amos_0516,amos_0516.nii.gz,,"(480, 80, 480)",,,"(0.9375, 2.0, 0.9375)",,,,,,
test_no_labels,amos_0519,amos_0519.nii.gz,,"(400, 400, 115)",,,"(1.0, 1.0, 2.0)",,,,,,
test_no_labels,amos_0520,amos_0520.nii.gz,,"(400, 400, 115)",,,"(1.0, 1.0, 2.0)",,,,,,
test_no_labels,amos_0521,amos_0521.nii.gz,,"(480, 100, 480)",,,"(0.9583, 2.0, 0.9583)",,,,,,
test_no_labels,amos_0523,amos_0523.nii.gz,,"(432, 432, 74)",,,"(0.9259, 0.9259, 6.0)",,,,,,
test_no_labels,amos_0524,amos_0524.nii.gz,,"(512, 80, 512)",,,"(0.9766, 3.0, 0.9766)",,,,,,
test_no_labels,amos_0525,amos_0525.nii.gz,,"(400, 400, 115)",,,"(1.0, 1.0, 2.0)",,,,,,
test_no_labels,amos_0526,amos_0526.nii.gz,,"(400, 400, 115)",,,"(1.0, 1.0, 2.0)",,,,,,
test_no_labels,amos_0527,amos_0527.nii.gz,,"(400, 120, 400)",,,"(1.0, 2.0, 1.0)",,,,,,
test_no_labels,amos_0528,amos_0528.nii.gz,,"(400, 400, 115)",,,"(1.0, 1.0, 2.0)",,,,,,
test_no_labels,amos_0529,amos_0529.nii.gz,,"(512, 80, 512)",,,"(0.9766, 3.0, 0.9766)",,,,,,
test_no_labels,amos_0531,amos_0531.nii.gz,,"(512, 80, 512)",,,"(0.9766, 3.0, 0.9766)",,,,,,
test_no_labels,amos_0533,amos_0533.nii.gz,,"(400, 400, 100)",,,"(1.0, 1.0, 2.5)",,,,,,
test_no_labels,amos_0534,amos_0534.nii.gz,,"(480, 80, 480)",,,"(0.9375, 2.0, 0.9375)",,,,,,
test_no_labels,amos_0535,amos_0535.nii.gz,,"(400, 400, 115)",,,"(1.0, 1.0, 2.0)",,,,,,
test_no_labels,amos_0536,amos_0536.nii.gz,,"(400, 400, 115)",,,"(1.0, 1.0, 2.5)",,,,,,
test_no_labels,amos_0537,amos_0537.nii.gz,,"(480, 80, 480)",,,"(0.9375, 2.0, 0.9375)",,,,,,
test_no_labels,amos_0539,amos_0539.nii.gz,,"(400, 100, 400)",,,"(1.0, 3.0, 1.0)",,,,,,
test_no_labels,amos_0542,amos_0542.nii.gz,,"(320, 260, 72)",,,"(1.1875, 1.1875, 3.0)",,,,,,
test_no_labels,amos_0543,amos_0543.nii.gz,,"(320, 260, 80)",,,"(1.1875, 1.1875, 3.0)",,,,,,
test_no_labels,amos_0560,amos_0560.nii.gz,,"(576, 468, 72)",,,"(0.6944, 0.6944, 3.0)",,,,,,
test_no_labels,amos_0564,amos_0564.nii.gz,,"(320, 260, 72)",,,"(1.1875, 1.1875, 3.0)",,,,,,
test_no_labels,amos_0565,amos_0565.nii.gz,,"(576, 468, 72)",,,"(0.6944, 0.6944, 3.0)",,,,,,
test_no_labels,amos_0566,amos_0566.nii.gz,,"(288, 232, 72)",,,"(1.3889, 1.3889, 3.0)",,,,,,
test_no_labels,amos_0567,amos_0567.nii.gz,,"(320, 60, 320)",,,"(1.1875, 3.0, 1.1875)",,,,,,
test_no_labels,amos_0569,amos_0569.nii.gz,,"(320, 260, 72)",,,"(1.1875, 1.1875, 3.0)",,,,,,
test_no_labels,amos_0574,amos_0574.nii.gz,,"(320, 260, 72)",,,"(1.1875, 1.1875, 3.0)",,,,,,
test_no_labels,amos_0577,amos_0577.nii.gz,,"(320, 260, 72)",,,"(1.1875, 1.1875, 3.0)",,,,,,
test_no_labels,amos_0579,amos_0579.nii.gz,,"(320, 260, 64)",,,"(1.1875, 1.1875, 3.0)",,,,,,
